"","module","intervention","code","coefficient","disease"
"1","supportiveenvironment","na","H6_8",1,"hiv"
"2","mdrtb","all","H7",1,"hiv"
"3","treatmentcareandsupport","na","H6_2",1,"hiv"
"4","treatmentcareandsupport","na","H6_6",1,"hiv"
<<<<<<< HEAD
"5","preventiondelatransmissiondelamcreslenfantptme","volet3preventiondelatransmissionverticaleduvih","H2_6",1,"hiv"
"6","preventionbehavioralchangecommunicationcommunityoutreach","all","H1_1",1,"hiv"
"7","preventionbloodsafetyanduniversalprecautions","all","H1_1",1,"hiv"
"8","tbcareandprevention","all","H7_1",1,"hiv"
"9","treatmentcareandsupport","na","R1_2",1,"hiv"
"10","priseenchargeetpreventiondelatuberculose","all","H7_1",1,"hiv"
"11","communityresponsesandsystems","communitybasedmonitoring","H9_2",1,"hiv"
"12","tbcareandprevention","casedetectionanddiagnosis","H7_8",1,"hiv"
"13","treatmentcareandsupport","na","R1_3",1,"hiv"
"14","suivietevaluation","traitementtuberculosemultiresistante","H7_8",1,"hiv"
"15","suivietevaluation","depistageetdiagnosticdesmaladiestuberculosemultiresistante","H6_6",1,"hiv"
"16","treatmentcareandsupport","na","R1_2",1,"malaria"
"17","treatmentcareandsupport","na","R1_3",1,"malaria"
"18","treatmentcareandsupport","na","R1_2",1,"tb"
"19","treatmentcareandsupport","na","R1_3",1,"tb"
"20","treatmentcareandsupport","na","R1_2",1,"hss"
"21","performancebasedfinancing","performancebasedfinancing","H98",1,"hiv"
"22","healthsystemsstrengthening","humanresources","R3_1",1,"hiv"
"23","healthsystemsstrengthening","servicedelivery","R4_1",1,"hiv"
"24","malsupportiveenvironment","leadershipandgovernance","R6_1",0.5,"hiv"
"25","malsupportiveenvironment","leadershipandgovernance","R6_2",0.5,"hiv"
"26","hivprevention","preventionbcccommunityoutreach","R7_5",1,"hiv"
"27","malprevention","bcccommunityoutreach","R7_3",1,"hiv"
"28","malsupportiveenvironment","leadershipandgovernance","R8_1",1,"hiv"
"29","hivhealthsystemsstrengthening","otherspecify","R4_4",1,"malaria"
"30","hivhealthsystemsstrengthening","informationsystemoperationalresearch","R2_1",0.142857143,"malaria"
"31","hivhealthsystemsstrengthening","informationsystemoperationalresearch","R2_2",0.142857143,"malaria"
"32","healthsystemstrengthening","communitysystemsstrengthening","R7_1",1,"hiv"
"33","healthsystemstrengthening","informationsystemoperationalresearch","R2_7",1,"hiv"
"34","healthsystemstrengthening","servicedelivery","R4_4",1,"hiv"
"35","healthsystemstrengthening","supportiveenvironmentprogrammanagementandadministration","R7_4",1,"hiv"
"36","treatmentcareandsupport","na","R1_3",1,"hss"
"37","hivhealthsystemsstrengthening","informationsystemoperationalresearch","R2_3",0.142857143,"malaria"
"38","removinglegalbarrierstoaccess","policyadvocacyonlegalrights","R7_2",1,"hiv"
"39","procurementandsupplychainmanagementsystems","nationalcostedsupplychainmasterplanandimplementation","R1_1",1,"hiv"
"40","financialmanagementsystems","publicfinancialmanagementpfmstrengthening","R5_1",1,"hiv"
"41","healthmanagementinformationsystemsandme","administrativeandfinancedatasources","R2_5",1,"hiv"
"42","communityresponsesandsystems","communitybasedmonitoring","R7_1",1,"malaria"
"43","nationalhealthstrategies","nationalhealthstrategiesalignmentwithdiseasespecificplanshealthsectorgovernanceandfinancing","R6_1",1,"hiv"
"44","communityresponsesandsystems","communitybasedmonitoring","R7_1",1,"tb"
"45","communityresponsesandsystems","communitybasedmonitoring","R7_1",1,"hss"
"46","healthmanagementinformationsystemsandme","administrativeandfinancedatasources","R2_5",1,"malaria"
"47","hivhealthsystemsstrengthening","informationsystemoperationalresearch","R2_4",0.142857143,"malaria"
"48","otherspecify","all","R1",0.125,"hiv"
"49","otherspecify","all","R2",0.125,"hiv"
"50","otherspecify","all","R3",0.125,"hiv"
"51","otherspecify","all","R4",0.125,"hiv"
"52","otherspecify","all","R5",0.125,"hiv"
"53","otherspecify","all","R6",0.125,"hiv"
"54","otherspecify","all","R7",0.125,"hiv"
"55","otherspecify","all","R8",0.125,"hiv"
"56","other","all","R2",0.125,"hiv"
"57","other","all","R3",0.125,"hiv"
"58","other","all","R4",0.125,"hiv"
"59","other","all","R5",0.125,"hiv"
"60","other","all","R6",0.125,"hiv"
"61","other","all","R7",0.125,"hiv"
"62","other","all","R8",0.125,"hiv"
"63","communityresponsesandsystems","communityledadvocacy","R7_2",1,"hiv"
"64","procurementandsupplychainmanagementsystems","nationalcostedsupplychainmasterplanandimplementation","R1_1",1,"malaria"
"65","healthmanagementinformationsystemsandme","administrativeandfinancedatasources","R2_5",1,"tb"
"66","integratedservicedeliveryandqualityimprovement","improvingservicedeliveryinfrastructure","R4_4",1,"hiv"
"67","healthmanagementinformationsystemsandme","administrativeandfinancedatasources","R2_5",1,"hss"
"68","healthmanagementinformationsystemsandme","analysisreviewandtransparency","R2_3",1,"hiv"
"69","procurementandsupplychainmanagementsystems","nationalcostedsupplychainmasterplanandimplementation","R1_1",1,"tb"
"70","procurementandsupplychainmanagementsystems","nationalcostedsupplychainmasterplanandimplementation","R1_1",1,"hss"
"71","procurementandsupplychainmanagementsystems","nationalproductselectionregistrationandqualitymonitoring","R1_3",1,"hiv"
"72","procurementandsupplychainmanagementsystems","nationalproductselectionregistrationandqualitymonitoring","R1_4",1,"hiv"
"73","procurementandsupplychainmanagementsystems","nationalproductselectionregistrationandqualitymonitoring","R1_4",1,"malaria"
"74","procurementandsupplychainmanagementsystems","nationalproductselectionregistrationandqualitymonitoring","R1_4",1,"tb"
"75","humanresourcesforhealthincludingcommunityhealthworkers","otherhealthandcommunityworkforceinterventions","R3_3",1,"malaria"
"76","humanresourcesforhealthincludingcommunityhealthworkers","otherhealthandcommunityworkforceinterventions","R3_3",1,"tb"
"77","humanresourcesforhealthincludingcommunityhealthworkers","otherhealthandcommunityworkforceinterventions","R3_3",1,"hss"
"78","humanresourcesforhealthincludingcommunityhealthworkers","humanresourcesforhealthincludingcommunityhealthworkers","R3",1,"hiv"
"79","integratedservicedeliveryandqualityimprovement","improvingservicedeliveryinfrastructure","R4_4",1,"malaria"
"80","integratedservicedeliveryandqualityimprovement","improvingservicedeliveryinfrastructure","R4_4",1,"tb"
"81","integratedservicedeliveryandqualityimprovement","improvingservicedeliveryinfrastructure","R4_4",1,"hss"
"82","integratedservicedeliveryandqualityimprovement","integratedservicedeliveryandqualityimprovement","R4",1,"hiv"
"83","integratedservicedeliveryandqualityimprovement","integratedservicedeliveryandqualityimprovement","R4",1,"malaria"
"84","integratedservicedeliveryandqualityimprovement","integratedservicedeliveryandqualityimprovement","R4",1,"tb"
"85","financialmanagementsystems","financialmanagementsystems","R5",1,"hiv"
"86","financialmanagementsystems","publicfinancialmanagementstrengthening","R5_1",1,"hiv"
"87","financialmanagementsystems","routinefinancialmanagementimprovementnonpublicfinancialmanagement","R5_2",1,"hiv"
"88","financialmanagementsystems","otherfinancialmanagementinterventions","R5_3",1,"hiv"
"89","nationalhealthstrategies","nationalhealthstrategies","R6",1,"hiv"
"90","nationalhealthstrategies","otherpolicyandgovernanceinterventions","R6_2",1,"hiv"
"91","communityresponsesandsystems","communityledadvocacy","R7_2",1,"malaria"
"92","communityresponsesandsystems","communityledadvocacy","R7_2",1,"tb"
"93","otherunidentified","otherunidentified","R1",0.125,"hiv"
"94","otherunidentified","otherunidentified","R2",0.125,"hiv"
"95","otherunidentified","otherunidentified","R3",0.125,"hiv"
"96","otherunidentified","otherunidentified","R4",0.125,"hiv"
"97","otherunidentified","otherunidentified","R5",0.125,"hiv"
"98","otherunidentified","otherunidentified","R6",0.125,"hiv"
"99","otherunidentified","otherunidentified","R7",0.125,"hiv"
"100","otherunidentified","otherunidentified","R8",0.125,"hiv"
"101","malprevention","bcccommunityoutreach","R7_3",1,"malaria"
"102","malprevention","bcccommunityoutreach","R7_3",1,"tb"
"103","malprevention","bcccommunityoutreach","R7_3",1,"hss"
"104","malprevention","preventionbcccommunityoutreach","M1_6",1,"malaria"
"105","healthsystemstrengthening","humanresources","M3_5",0.5,"malaria"
"106","healthsystemstrengthening","humanresources","M1_6",0.5,"malaria"
"107","preventionbehavioralchangecommunicationcommunityoutreach","all","M2_9",1,"malaria"
"108","performancebasedfinancing","performancebasedfinancing","M98",1,"malaria"
"109","healthsystemsstrengthening","humanresources","R3_1",1,"malaria"
"110","hivhealthsystemsstrengthening","informationsystemoperationalresearch","R2_5",0.142857143,"malaria"
"111","healthsystemsstrengthening","servicedelivery","R4_1",1,"malaria"
"112","hivhealthsystemsstrengthening","informationsystemoperationalresearch","R2_6",0.142857143,"malaria"
"113","malsupportiveenvironment","leadershipandgovernance","R6_1",0.5,"malaria"
"114","malsupportiveenvironment","leadershipandgovernance","R6_2",0.5,"malaria"
"115","hivprevention","preventionbcccommunityoutreach","R7_5",1,"malaria"
"116","hivhealthsystemsstrengthening","informationsystemoperationalresearch","R2_7",0.142857143,"malaria"
"117","hivhealthsystemsstrengthening","programmemanagementandadministrationcost","R8_3",1,"malaria"
"118","hivhealthsystemsstrengthening","humanresources","R3_1",1,"malaria"
"119","hivhealthsystemsstrengthening","servicedelivery","R4_1",1,"malaria"
"120","hivhealthsystemsstrengthening","establishby2013supportiveenvironmentfortheimplementationandmonitoringofpreventiontreatmentcaringandsupportservicesinthe196healthareastargeted","R6_1",1,"malaria"
"121","hivhealthsystemsstrengthening","otherspecify","R4_4",1,"tb"
"122","hivhealthsystemsstrengthening","informationsystemoperationalresearch","R2_1",0.142857143,"tb"
"123","hivhealthsystemsstrengthening","informationsystemoperationalresearch","R2_2",0.142857143,"tb"
"124","hivhealthsystemsstrengthening","informationsystemoperationalresearch","R2_3",0.142857143,"tb"
"125","hivhealthsystemsstrengthening","informationsystemoperationalresearch","R2_4",0.142857143,"tb"
"126","hivhealthsystemsstrengthening","informationsystemoperationalresearch","R2_5",0.142857143,"tb"
"127","hivhealthsystemsstrengthening","informationsystemoperationalresearch","R2_6",0.142857143,"tb"
"128","healthsystemstrengthening","communitysystemsstrengthening","R7_1",1,"malaria"
"129","healthsystemstrengthening","informationsystemoperationalresearch","R2_7",1,"malaria"
"130","healthsystemstrengthening","servicedelivery","R4_4",1,"malaria"
"131","healthsystemstrengthening","supportiveenvironmentprogrammanagementandadministration","R7_4",1,"malaria"
"132","healthsystemsstrengthening","servicedelivery","R4_4",1,"malaria"
"133","hivhealthsystemsstrengthening","informationsystemoperationalresearch","R2_7",0.142857143,"tb"
"134","removinglegalbarrierstoaccess","policyadvocacyonlegalrights","R7_2",1,"malaria"
"135","financialmanagementsystems","publicfinancialmanagementpfmstrengthening","R5_1",1,"malaria"
"136","healthmanagementinformationsystemsandme","analysisreviewandtransparency","R2_3",1,"malaria"
"137","communityresponsesandsystems","communityledadvocacy","R7_2",1,"hss"
"138","nationalhealthstrategies","nationalhealthstrategiesalignmentwithdiseasespecificplanshealthsectorgovernanceandfinancing","R6_1",1,"malaria"
"139","communityresponsesandsystems","communityledadvocacy","R7_2",1,"hiv/tb"
"140","communityresponsesandsystems","communityresponsesandsystems","R7",1,"hiv"
"141","healthmanagementinformationsystemsandme","analysisreviewandtransparency","R2_3",1,"tb"
"142","hivhealthsystemsstrengthening","programmemanagementandadministrationcost","R8_3",1,"tb"
"143","otherspecify","all","R1",0.125,"malaria"
"144","otherspecify","all","R2",0.125,"malaria"
"145","otherspecify","all","R3",0.125,"malaria"
"146","otherspecify","all","R4",0.125,"malaria"
"147","otherspecify","all","R5",0.125,"malaria"
"148","otherspecify","all","R6",0.125,"malaria"
"149","otherspecify","all","R7",0.125,"malaria"
"150","otherspecify","all","R8",0.125,"malaria"
"151","other","all","R1",0.125,"malaria"
"152","other","all","R2",0.125,"malaria"
"153","other","all","R3",0.125,"malaria"
"154","other","all","R4",0.125,"malaria"
"155","other","all","R5",0.125,"malaria"
"156","other","all","R6",0.125,"malaria"
"157","other","all","R7",0.125,"malaria"
"158","other","all","R8",0.125,"malaria"
"159","beyondtb","all","R1",0.125,"malaria"
"160","beyondtb","all","R2",0.125,"malaria"
"161","beyondtb","all","R3",0.125,"malaria"
"162","beyondtb","all","R4",0.125,"malaria"
"163","beyondtb","all","R5",0.125,"malaria"
"164","beyondtb","all","R6",0.125,"malaria"
"165","beyondtb","all","R7",0.125,"malaria"
"166","beyondtb","all","R8",0.125,"malaria"
"167","communityresponsesandsystems","communityresponsesandsystems","R7",1,"malaria"
"168","procurementandsupplychainmanagementsystems","nationalproductselectionregistrationandqualitymonitoring","R1_4",1,"hss"
"169","healthmanagementinformationsystemsandme","analysisreviewandtransparency","R2_3",1,"hss"
"170","integratedservicedeliveryandqualityimprovement","integratedservicedeliveryandqualityimprovement","R4",1,"hss"
"171","healthmanagementinformationsystemsandme","otherhealthinformationsystemsandmeinterventions","R2_7",1,"hiv"
"172","healthmanagementinformationsystemsandme","otherhealthinformationsystemsandmeinterventions","R2_7",1,"malaria"
"173","humanresourcesforhealthincludingcommunityhealthworkers","capacitybuildingforhealthworkersincludingthoseatcommunitylevel","R3_1",1,"hiv"
"174","healthmanagementinformationsystemsandme","otherhealthinformationsystemsandmeinterventions","R2_7",1,"tb"
"175","healthmanagementinformationsystemsandme","otherhealthinformationsystemsandmeinterventions","R2_7",1,"hss"
"176","procurementandsupplychainmanagementsystems","otherprocurementandsupplychainmanagementinterventions","R1_5",1,"hiv"
"177","procurementandsupplychainmanagementsystems","otherprocurementandsupplychainmanagementinterventions","R1_5",1,"malaria"
"178","procurementandsupplychainmanagementsystems","otherprocurementandsupplychainmanagementinterventions","R1_5",1,"tb"
"179","procurementandsupplychainmanagementsystems","otherprocurementandsupplychainmanagementinterventions","R1_5",1,"hss"
"180","procurementandsupplychainmanagementsystems","otherprocurementsupplychainmanagementinterventions","R1_5",1,"hiv"
"181","procurementandsupplychainmanagementsystems","otherprocurementsupplychainmanagementinterventions","R1_5",1,"malaria"
"182","humanresourcesforhealthincludingcommunityhealthworkers","retentionandscaleupofhealthworkersincludingforcommunityhealthworkers","R3_2",1,"hiv"
"183","humanresourcesforhealthincludingcommunityhealthworkers","otherhealthandcommunityworkforceinterventions","R3_3",1,"hiv"
"184","humanresourcesforhealthincludingcommunityhealthworkers","humanresourcesforhealthincludingcommunityhealthworkers","R3",1,"malaria"
"185","humanresourcesforhealthincludingcommunityhealthworkers","capacitybuildingforhealthworkersincludingthoseatcommunitylevel","R3_1",1,"malaria"
"186","integratedservicedeliveryandqualityimprovement","laboratorysystemsfordiseasepreventioncontroltreatmentanddiseasesurveillance","R4_3",1,"hiv"
"187","integratedservicedeliveryandqualityimprovement","laboratorysystemsfordiseasepreventioncontroltreatmentanddiseasesurveillance","R4_3",1,"malaria"
"188","integratedservicedeliveryandqualityimprovement","laboratorysystemsfordiseasepreventioncontroltreatmentanddiseasesurveillance","R4_3",1,"tb"
"189","integratedservicedeliveryandqualityimprovement","laboratorysystemsfordiseasepreventioncontroltreatmentanddiseasesurveillance","R4_3",1,"hss"
"190","integratedservicedeliveryandqualityimprovement","otherservicedeliveryinterventions","R4_6",1,"hiv"
"191","integratedservicedeliveryandqualityimprovement","otherservicedeliveryinterventions","R4_6",1,"malaria"
"192","financialmanagementsystems","financialmanagementsystems","R5",1,"malaria"
"193","financialmanagementsystems","publicfinancialmanagementstrengthening","R5_1",1,"malaria"
"194","financialmanagementsystems","routinefinancialmanagementimprovementnonpublicfinancialmanagement","R5_2",1,"malaria"
"195","financialmanagementsystems","otherfinancialmanagementinterventions","R5_3",1,"malaria"
"196","nationalhealthstrategies","nationalhealthstrategies","R6",1,"malaria"
"197","nationalhealthstrategies","otherpolicyandgovernanceinterventions","R6_2",1,"malaria"
"198","communityresponsesandsystems","communityresponsesandsystems","R7",1,"tb"
"199","communityresponsesandsystems","communityresponsesandsystems","R7",1,"hss"
"200","communityresponsesandsystems","communityresponsesandsystems","R7",1,"hiv/tb"
"201","otherunidentified","otherunidentified","R1",0.125,"malaria"
"202","otherunidentified","otherunidentified","R2",0.125,"malaria"
"203","otherunidentified","otherunidentified","R3",0.125,"malaria"
"204","otherunidentified","otherunidentified","R4",0.125,"malaria"
"205","otherunidentified","otherunidentified","R5",0.125,"malaria"
"206","otherunidentified","otherunidentified","R6",0.125,"malaria"
"207","otherunidentified","otherunidentified","R7",0.125,"malaria"
"208","otherunidentified","otherunidentified","R8",0.125,"malaria"
"209","tbtreatment","mdrtb","T4_7",1,"tb"
"210","tbhivcollaborativeactivities","tbhiv","T2_6",1,"tb"
"211","tbtreatment","mdrtb","T3_10",1,"tb"
"212","mdrtb","casedetectionanddiagnosismdrtb","H7_8",1,"hiv"
"213","mdrtb","engagingallcareprovidersmdrtb","H7_8",1,"hiv"
"214","mdrtb","keyaffectedpopulations","H7",1,"hiv"
"215","performancebasedfinancing","performancebasedfinancing","T98",1,"tb"
"216","healthsystemsstrengthening","humanresources","R3_1",1,"tb"
"217","hivhealthsystemsstrengthening","humanresources","R3_1",1,"tb"
"218","healthsystemsstrengthening","servicedelivery","R4_1",1,"tb"
"219","hivhealthsystemsstrengthening","servicedelivery","R4_1",1,"tb"
"220","malsupportiveenvironment","leadershipandgovernance","R6_1",0.5,"tb"
"221","malsupportiveenvironment","leadershipandgovernance","R6_2",0.5,"tb"
"222","hivprevention","preventionbcccommunityoutreach","R7_5",1,"tb"
"223","hivhealthsystemsstrengthening","establishby2013supportiveenvironmentfortheimplementationandmonitoringofpreventiontreatmentcaringandsupportservicesinthe196healthareastargeted","R6_1",1,"tb"
"224","hivhealthsystemsstrengthening","otherspecify","R4_4",1,"hss"
"225","hivhealthsystemsstrengthening","informationsystemoperationalresearch","R2_1",0.142857143,"hss"
"226","hivhealthsystemsstrengthening","informationsystemoperationalresearch","R2_2",0.142857143,"hss"
"227","hivhealthsystemsstrengthening","informationsystemoperationalresearch","R2_3",0.142857143,"hss"
"228","hivhealthsystemsstrengthening","informationsystemoperationalresearch","R2_4",0.142857143,"hss"
"229","hivhealthsystemsstrengthening","informationsystemoperationalresearch","R2_5",0.142857143,"hss"
"230","hivhealthsystemsstrengthening","informationsystemoperationalresearch","R2_6",0.142857143,"hss"
"231","hivhealthsystemsstrengthening","informationsystemoperationalresearch","R2_7",0.142857143,"hss"
"232","hivhealthsystemsstrengthening","programmemanagementandadministrationcost","R8_3",1,"hss"
"233","hivhealthsystemsstrengthening","humanresources","R3_1",1,"hss"
"234","healthsystemstrengthening","communitysystemsstrengthening","R7_1",1,"tb"
"235","healthsystemstrengthening","informationsystemoperationalresearch","R2_7",1,"tb"
"236","healthsystemstrengthening","servicedelivery","R4_4",1,"tb"
"237","healthsystemstrengthening","supportiveenvironmentprogrammanagementandadministration","R7_4",1,"tb"
"238","healthsystemsstrengthening","servicedelivery","R4_4",1,"tb"
"239","hivhealthsystemsstrengthening","establishby2013supportiveenvironmentfortheimplementationandmonitoringofpreventiontreatmentcaringandsupportservicesinthe196healthareastargeted","R6_1",1,"hss"
"240","removinglegalbarrierstoaccess","policyadvocacyonlegalrights","R7_2",1,"tb"
"241","financialmanagementsystems","publicfinancialmanagementpfmstrengthening","R5_1",1,"tb"
"242","healthmanagementinformationsystemsandme","programanddataquality","R2_2",1,"malaria"
"243","communityresponsesandsystems","institutionalcapacitybuildingplanningandleadershipdevelopment","R7_4",1,"hiv"
"244","nationalhealthstrategies","nationalhealthstrategiesalignmentwithdiseasespecificplanshealthsectorgovernanceandfinancing","R6_1",1,"tb"
"245","communityresponsesandsystems","institutionalcapacitybuildingplanningandleadershipdevelopment","R7_4",1,"malaria"
"246","communityresponsesandsystems","institutionalcapacitybuildingplanningandleadershipdevelopment","R7_4",1,"tb"
"247","healthmanagementinformationsystemsandme","programanddataquality","R2_2",1,"tb"
"248","otherspecify","all","R1",0.125,"tb"
"249","otherspecify","all","R2",0.125,"tb"
"250","otherspecify","all","R3",0.125,"tb"
"251","otherspecify","all","R4",0.125,"tb"
"252","otherspecify","all","R5",0.125,"tb"
"253","otherspecify","all","R6",0.125,"tb"
"254","otherspecify","all","R7",0.125,"tb"
"255","otherspecify","all","R8",0.125,"tb"
"256","other","all","R1",0.125,"tb"
"257","other","all","R2",0.125,"tb"
"258","other","all","R3",0.125,"tb"
"259","other","all","R4",0.125,"tb"
"260","other","all","R5",0.125,"tb"
"261","other","all","R6",0.125,"tb"
"262","other","all","R7",0.125,"tb"
"263","other","all","R8",0.125,"tb"
"264","beyondtb","all","R1",0.125,"tb"
"265","beyondtb","all","R2",0.125,"tb"
"266","beyondtb","all","R3",0.125,"tb"
"267","beyondtb","all","R4",0.125,"tb"
"268","beyondtb","all","R5",0.125,"tb"
"269","beyondtb","all","R6",0.125,"tb"
"270","beyondtb","all","R7",0.125,"tb"
"271","beyondtb","all","R8",0.125,"tb"
"272","communityresponsesandsystems","institutionalcapacitybuildingplanningandleadershipdevelopment","R7_4",1,"hss"
"273","procurementandsupplychainmanagementsystems","otherprocurementsupplychainmanagementinterventions","R1_5",1,"tb"
"274","healthmanagementinformationsystemsandme","programanddataquality","R2_2",1,"hss"
"275","integratedservicedeliveryandqualityimprovement","otherservicedeliveryinterventions","R4_6",1,"tb"
"276","healthmanagementinformationsystemsandme","routinereporting","R2_1",1,"hiv"
"277","healthmanagementinformationsystemsandme","routinereporting","R2_1",1,"malaria"
"278","humanresourcesforhealthincludingcommunityhealthworkers","retentionandscaleupofhealthworkersincludingforcommunityhealthworkers","R3_2",1,"malaria"
"279","healthmanagementinformationsystemsandme","routinereporting","R2_1",1,"tb"
"280","healthmanagementinformationsystemsandme","routinereporting","R2_1",1,"hss"
"281","procurementandsupplychainmanagementsystems","otherprocurementsupplychainmanagementinterventions","R1_5",1,"hss"
"282","procurementandsupplychainmanagementsystems","procurementandsupplychainmanagementsystems","R1",1,"hiv"
"283","procurementandsupplychainmanagementsystems","procurementandsupplychainmanagementsystems","R1",1,"malaria"
"284","procurementandsupplychainmanagementsystems","procurementandsupplychainmanagementsystems","R1",1,"tb"
"285","procurementandsupplychainmanagementsystems","procurementandsupplychainmanagementsystems","R1",1,"hss"
"286","procurementandsupplychainmanagementsystems","procurementstrategy","R1_2",1,"hiv"
"287","humanresourcesforhealthincludingcommunityhealthworkers","otherhealthandcommunityworkforceinterventions","R3_3",1,"malaria"
"288","humanresourcesforhealthincludingcommunityhealthworkers","humanresourcesforhealthincludingcommunityhealthworkers","R3",1,"tb"
"289","humanresourcesforhealthincludingcommunityhealthworkers","capacitybuildingforhealthworkersincludingthoseatcommunitylevel","R3_1",1,"tb"
"290","humanresourcesforhealthincludingcommunityhealthworkers","retentionandscaleupofhealthworkersincludingforcommunityhealthworkers","R3_2",1,"tb"
"291","integratedservicedeliveryandqualityimprovement","otherservicedeliveryinterventions","R4_6",1,"hss"
"292","integratedservicedeliveryandqualityimprovement","providerinitiatedfeedbackmechanisms","R4_5",1,"hiv"
"293","integratedservicedeliveryandqualityimprovement","providerinitiatedfeedbackmechanisms","R4_5",1,"malaria"
"294","integratedservicedeliveryandqualityimprovement","providerinitiatedfeedbackmechanisms","R4_5",1,"tb"
"295","integratedservicedeliveryandqualityimprovement","providerinitiatedfeedbackmechanisms","R4_5",1,"hss"
"296","integratedservicedeliveryandqualityimprovement","serviceorganizationandfacilitymanagement","R4_2",1,"hiv"
"297","financialmanagementsystems","financialmanagementsystems","R5",1,"tb"
"298","financialmanagementsystems","publicfinancialmanagementstrengthening","R5_1",1,"tb"
"299","financialmanagementsystems","routinefinancialmanagementimprovementnonpublicfinancialmanagement","R5_2",1,"tb"
"300","financialmanagementsystems","otherfinancialmanagementinterventions","R5_3",1,"tb"
"301","nationalhealthstrategies","nationalhealthstrategies","R6",1,"tb"
"302","nationalhealthstrategies","otherpolicyandgovernanceinterventions","R6_2",1,"tb"
"303","communityresponsesandsystems","institutionalcapacitybuildingplanningandleadershipdevelopment","R7_4",1,"hiv/tb"
"304","communityresponsesandsystems","othercommunityresponsesandsystemsinterventions","R7_5",1,"hiv"
"305","communityresponsesandsystems","othercommunityresponsesandsystemsinterventions","R7_5",1,"malaria"
"306","otherunidentified","otherunidentified","R1",0.125,"tb"
"307","otherunidentified","otherunidentified","R2",0.125,"tb"
"308","otherunidentified","otherunidentified","R3",0.125,"tb"
"309","otherunidentified","otherunidentified","R4",0.125,"tb"
"310","otherunidentified","otherunidentified","R5",0.125,"tb"
"311","otherunidentified","otherunidentified","R6",0.125,"tb"
"312","otherunidentified","otherunidentified","R7",0.125,"tb"
"313","otherunidentified","otherunidentified","R8",0.125,"tb"
"314","healthsystemsstrengthening","humanresources","R3_1",1,"hss"
"315","malhealthsystemsstrengthening","informationsystem","R2_7",1,"hiv"
"316","healthsystemsstrengthening","servicedelivery","R4_1",1,"hss"
"317","malhealthsystemsstrengthening","informationsystem","R2",1,"hiv"
"318","malsupportiveenvironment","leadershipandgovernance","R6_1",0.5,"hss"
"319","malsupportiveenvironment","leadershipandgovernance","R6_2",0.5,"hss"
"320","hivprevention","preventionbcccommunityoutreach","R7_5",1,"hss"
"321","malhealthsystemsstrengthening","informationsystem","R2",1,"tb"
"322","malhealthsystemsstrengthening","informationsystem","R2",1,"hss"
"323","malhealthsystemsstrengthening","procurementandsupplymanagement","R1",1,"hss"
"324","tbhealthsystemsstrengthening","supportiveenvironmentprogrammanagementandadministration","R8_1",1,"hiv"
"325","tbhealthsystemsstrengthening","supportiveenvironmentprogrammanagementandadministration","R8_3",1,"hiv"
"326","tbhealthsystemsstrengthening","me","R2_7",1,"hiv"
"327","tbhealthsystemsstrengthening","supportiveenvironmentprogrammanagementandadministration","R8_1",1,"malaria"
"328","tbhealthsystemsstrengthening","supportiveenvironmentprogrammanagementandadministration","R8_3",1,"malaria"
"329","healthsystemstrengthening","communitysystemsstrengthening","R7_1",1,"hss"
"330","healthsystemstrengthening","informationsystemoperationalresearch","R2_7",1,"hss"
"331","healthsystemstrengthening","servicedelivery","R4_4",1,"hss"
"332","healthsystemstrengthening","supportiveenvironmentprogrammanagementandadministration","R7_4",1,"hss"
"333","healthsystemsstrengthening","servicedelivery","R4_4",1,"hss"
"334","tbhealthsystemsstrengthening","me","R2_7",1,"malaria"
"335","removinglegalbarrierstoaccess","policyadvocacyonlegalrights","R7_2",1,"hss"
"336","financialmanagementsystems","publicfinancialmanagementpfmstrengthening","R5_1",1,"hss"
"337","healthmanagementinformationsystemsandme","surveys","R2_4",1,"hiv"
"338","communityresponsesandsystems","othercommunityresponsesandsystemsinterventions","R7_5",1,"tb"
"339","nationalhealthstrategies","nationalhealthstrategiesalignmentwithdiseasespecificplanshealthsectorgovernanceandfinancing","R6_1",1,"hss"
"340","communityresponsesandsystems","othercommunityresponsesandsystemsinterventions","R7_5",1,"hss"
"341","communityresponsesandsystems","othercommunityresponsesandsystemsinterventions","R7_5",1,"hiv/tb"
"342","healthmanagementinformationsystemsandme","surveys","R2_4",1,"malaria"
"343","other","all","R1",0.125,"hss"
"344","other","all","R2",0.125,"hss"
"345","other","all","R3",0.125,"hss"
"346","other","all","R4",0.125,"hss"
"347","other","all","R5",0.125,"hss"
"348","other","all","R6",0.125,"hss"
"349","other","all","R8",0.125,"hss"
"350","other","all","R7",0.125,"hss"
"351","beyondtb","all","R1",0.125,"hss"
"352","beyondtb","all","R2",0.125,"hss"
"353","beyondtb","all","R3",0.125,"hss"
"354","beyondtb","all","R4",0.125,"hss"
"355","beyondtb","all","R5",0.125,"hss"
"356","beyondtb","all","R6",0.125,"hss"
"357","beyondtb","all","R8",0.125,"hss"
"358","beyondtb","all","R7",0.125,"hss"
"359","communityresponsesandsystems","otherothercommunityresponsesandsystemsinterventions","R7_5",1,"hiv"
"360","procurementandsupplychainmanagementsystems","procurementstrategy","R1_2",1,"malaria"
"361","healthmanagementinformationsystemsandme","surveys","R2_4",1,"tb"
"362","integratedservicedeliveryandqualityimprovement","serviceorganizationandfacilitymanagement","R4_2",1,"malaria"
"363","healthmanagementinformationsystemsandme","surveys","R2_4",1,"hss"
"364","healthmanagementinformationsystemsandme","vitalregistrationsystem","R2_6",1,"malaria"
"365","humanresourcesforhealthincludingcommunityhealthworkers","otherhealthandcommunityworkforceinterventions","R3_3",1,"tb"
"366","healthmanagementinformationsystemsandme","vitalregistrationsystem","R2_6",1,"tb"
"367","healthmanagementinformationsystemsandme","vitalregistrationsystem","R2_6",1,"hss"
"368","programmanagement","programmanagement","R8",1,"hiv"
"369","treatmentprompteffectiveantimalarialtreatment","all","R4",1,"hss"
"370","treatmentdiagnosis","all","R4",1,"hss"
"371","treatmentprompteffectiveantimalarialtreatmentprivatesector","all","R4",1,"hss"
"372","treatmentmanagementofmalariainschools","all","R7_4",1,"hss"
"373","procurementandsupplychainmanagementsystems","procurementstrategy","R1_2",1,"tb"
"374","procurementandsupplychainmanagementsystems","procurementstrategy","R1_2",1,"hss"
"375","procurementandsupplychainmanagementsystems","supplychaininfrastructureanddevelopmentoftools","R1_3",1,"hiv"
"376","procurementandsupplychainmanagementsystems","supplychaininfrastructureanddevelopmentoftools","R1_3",1,"malaria"
"377","procurementandsupplychainmanagementsystems","supplychaininfrastructureanddevelopmentoftools","R1_3",1,"tb"
"378","procurementandsupplychainmanagementsystems","supplychaininfrastructureanddevelopmentoftools","R1_3",1,"hss"
"379","humanresourcesforhealthincludingcommunityhealthworkers","humanresourcesforhealthincludingcommunityhealthworkers","R3",1,"hss"
"380","humanresourcesforhealthincludingcommunityhealthworkers","capacitybuildingforhealthworkersincludingthoseatcommunitylevel","R3_1",1,"hss"
"381","humanresourcesforhealthincludingcommunityhealthworkers","retentionandscaleupofhealthworkersincludingforcommunityhealthworkers","R3_2",1,"hss"
"382","humanresourcesforhealthincludingcommunityhealthworkers","otherhealthandcommunityworkforceinterventions","R3_3",1,"hss"
"383","integratedservicedeliveryandqualityimprovement","serviceorganizationandfacilitymanagement","R4_2",1,"tb"
"384","integratedservicedeliveryandqualityimprovement","serviceorganizationandfacilitymanagement","R4_2",1,"hss"
"385","integratedservicedeliveryandqualityimprovement","supportivepolicyandprogrammaticenvironment","R4_1",1,"hiv"
"386","integratedservicedeliveryandqualityimprovement","supportivepolicyandprogrammaticenvironment","R4_1",1,"malaria"
"387","integratedservicedeliveryandqualityimprovement","supportivepolicyandprogrammaticenvironment","R4_1",1,"tb"
"388","integratedservicedeliveryandqualityimprovement","supportivepolicyandprogrammaticenvironment","R4_1",1,"hss"
"389","financialmanagementsystems","financialmanagementsystems","R5",1,"hss"
"390","financialmanagementsystems","publicfinancialmanagementstrengthening","R5_1",1,"hss"
"391","financialmanagementsystems","routinefinancialmanagementimprovementnonpublicfinancialmanagement","R5_2",1,"hss"
"392","financialmanagementsystems","otherfinancialmanagementinterventions","R5_3",1,"hss"
"393","nationalhealthstrategies","nationalhealthstrategies","R6",1,"hss"
"394","nationalhealthstrategies","otherpolicyandgovernanceinterventions","R6_2",1,"hss"
"395","communityresponsesandsystems","otherothercommunityresponsesandsystemsinterventions","R7_5",1,"malaria"
"396","communityresponsesandsystems","otherothercommunityresponsesandsystemsinterventions","R7_5",1,"tb"
"397","communityresponsesandsystems","otherothercommunityresponsesandsystemsinterventions","R7_5",1,"hss"
"398","programmanagement","programmanagement","R8",1,"tb"
"399","otherunidentified","otherunidentified","R1",0.125,"hss"
"400","otherunidentified","otherunidentified","R2",0.125,"hss"
"401","otherunidentified","otherunidentified","R3",0.125,"hss"
"402","otherunidentified","otherunidentified","R4",0.125,"hss"
"403","otherunidentified","otherunidentified","R5",0.125,"hss"
"404","otherunidentified","otherunidentified","R6",0.125,"hss"
"405","otherunidentified","otherunidentified","R8",0.125,"hss"
"406","otherunidentified","otherunidentified","R7",0.125,"hss"
"407","tuberculosemultiresistante","all","H7",1,"hiv"
"408","tbhealthsystemsstrengthening","supportiveenvironmentprogrammanagementandadministration","R8_1",1,"hss"
"409","tbhealthsystemsstrengthening","me","R2_7",1,"hss"
"410","healthsystemstrengthening","humanresources","R3",1,"hss"
"411","healthmanagementinformationsystemsandme","programanddataquality","R2_2",1,"hiv"
"412","healthmanagementinformationsystemsandme","analysisreviewandtransparency","R2_3",1,"hiv/tb"
"413","mdrtb","keypopulationsmdrtbothers","H7_5",1,"hiv"
"414","mdrtb","othermdrtbinterventions","H7_8",1,"hiv"
"415","mdrtb","preventionformdrtb","H7_8",1,"hiv"
"416","communityresponsesandsystems","otherothercommunityresponsesandsystemsinterventions","R7_5",1,"hiv/tb"
"417","communityresponsesandsystems","socialmobilizationbuildingcommunitylinkagescollaborationandcoordination","R7_3",1,"hiv"
"418","communityresponsesandsystems","socialmobilizationbuildingcommunitylinkagescollaborationandcoordination","R7_3",1,"malaria"
"419","communityresponsesandsystems","socialmobilizationbuildingcommunitylinkagescollaborationandcoordination","R7_3",1,"tb"
"420","communityresponsesandsystems","socialmobilizationbuildingcommunitylinkagescollaborationandcoordination","R7_3",1,"hss"
"421","communityresponsesandsystems","socialmobilizationbuildingcommunitylinkagescollaborationandcoordination","R7_3",1,"hiv/tb"
"422","communityresponsesandsystems","communitybasedmonitoring","R7_1",1,"hiv/tb"
"423","preventiondelatransmissiondelamcreslenfantptme","volet3preventiondelatransmissionverticaleduvih","H2_6",1,"hiv/tb"
=======
"5","preventionbehavioralchangecommunicationcommunityoutreach","all","H1_1",1,"hiv"
"6","preventionbloodsafetyanduniversalprecautions","all","H1_1",1,"hiv"
"7","tbcareandprevention","all","H7_1",1,"hiv"
"8","treatmentcareandsupport","na","R1_2",1,"hiv"
"9","priseenchargeetpreventiondelatuberculose","all","H7_1",1,"hiv"
"10","communityresponsesandsystems","communitybasedmonitoring","H9_2",1,"hiv"
"11","tbcareandprevention","casedetectionanddiagnosis","H7_8",1,"hiv"
"12","treatmentcareandsupport","na","R1_3",1,"hiv"
"13","suivietevaluation","traitementtuberculosemultiresistante","H7_8",1,"hiv"
"14","suivietevaluation","depistageetdiagnosticdesmaladiestuberculosemultiresistante","H6_6",1,"hiv"
"15","treatmentcareandsupport","na","R1_2",1,"malaria"
"16","treatmentcareandsupport","na","R1_3",1,"malaria"
"17","treatmentcareandsupport","na","R1_2",1,"tb"
"18","treatmentcareandsupport","na","R1_3",1,"tb"
"19","treatmentcareandsupport","na","R1_2",1,"hss"
"20","performancebasedfinancing","performancebasedfinancing","H98",1,"hiv"
"21","healthsystemsstrengthening","humanresources","R3_1",1,"hiv"
"22","healthsystemsstrengthening","servicedelivery","R4_1",1,"hiv"
"23","malsupportiveenvironment","leadershipandgovernance","R6_1",0.5,"hiv"
"24","malsupportiveenvironment","leadershipandgovernance","R6_2",0.5,"hiv"
"25","hivprevention","preventionbcccommunityoutreach","R7_5",1,"hiv"
"26","malprevention","bcccommunityoutreach","R7_3",1,"hiv"
"27","malsupportiveenvironment","leadershipandgovernance","R8_1",1,"hiv"
"28","hivhealthsystemsstrengthening","otherspecify","R4_4",1,"malaria"
"29","hivhealthsystemsstrengthening","informationsystemoperationalresearch","R2_1",0.142857143,"malaria"
"30","hivhealthsystemsstrengthening","informationsystemoperationalresearch","R2_2",0.142857143,"malaria"
"31","healthsystemstrengthening","communitysystemsstrengthening","R7_1",1,"hiv"
"32","healthsystemstrengthening","informationsystemoperationalresearch","R2_7",1,"hiv"
"33","healthsystemstrengthening","servicedelivery","R4_4",1,"hiv"
"34","healthsystemstrengthening","supportiveenvironmentprogrammanagementandadministration","R7_4",1,"hiv"
"35","treatmentcareandsupport","na","R1_3",1,"hss"
"36","hivhealthsystemsstrengthening","informationsystemoperationalresearch","R2_3",0.142857143,"malaria"
"37","removinglegalbarrierstoaccess","policyadvocacyonlegalrights","R7_2",1,"hiv"
"38","procurementandsupplychainmanagementsystems","nationalcostedsupplychainmasterplanandimplementation","R1_1",1,"hiv"
"39","financialmanagementsystems","publicfinancialmanagementpfmstrengthening","R5_1",1,"hiv"
"40","healthmanagementinformationsystemsandme","administrativeandfinancedatasources","R2_5",1,"hiv"
"41","communityresponsesandsystems","communitybasedmonitoring","R7_1",1,"malaria"
"42","nationalhealthstrategies","nationalhealthstrategiesalignmentwithdiseasespecificplanshealthsectorgovernanceandfinancing","R6_1",1,"hiv"
"43","communityresponsesandsystems","communitybasedmonitoring","R7_1",1,"tb"
"44","communityresponsesandsystems","communitybasedmonitoring","R7_1",1,"hss"
"45","healthmanagementinformationsystemsandme","administrativeandfinancedatasources","R2_5",1,"malaria"
"46","hivhealthsystemsstrengthening","informationsystemoperationalresearch","R2_4",0.142857143,"malaria"
"47","otherspecify","all","R1",0.125,"hiv"
"48","otherspecify","all","R2",0.125,"hiv"
"49","otherspecify","all","R3",0.125,"hiv"
"50","otherspecify","all","R4",0.125,"hiv"
"51","otherspecify","all","R5",0.125,"hiv"
"52","otherspecify","all","R6",0.125,"hiv"
"53","otherspecify","all","R7",0.125,"hiv"
"54","otherspecify","all","R8",0.125,"hiv"
"55","other","all","R2",0.125,"hiv"
"56","other","all","R3",0.125,"hiv"
"57","other","all","R4",0.125,"hiv"
"58","other","all","R5",0.125,"hiv"
"59","other","all","R6",0.125,"hiv"
"60","other","all","R7",0.125,"hiv"
"61","other","all","R8",0.125,"hiv"
"62","communityresponsesandsystems","communityledadvocacy","R7_2",1,"hiv"
"63","procurementandsupplychainmanagementsystems","nationalcostedsupplychainmasterplanandimplementation","R1_1",1,"malaria"
"64","healthmanagementinformationsystemsandme","administrativeandfinancedatasources","R2_5",1,"tb"
"65","integratedservicedeliveryandqualityimprovement","improvingservicedeliveryinfrastructure","R4_4",1,"hiv"
"66","healthmanagementinformationsystemsandme","administrativeandfinancedatasources","R2_5",1,"hss"
"67","healthmanagementinformationsystemsandme","analysisreviewandtransparency","R2_3",1,"hiv"
"68","procurementandsupplychainmanagementsystems","nationalcostedsupplychainmasterplanandimplementation","R1_1",1,"tb"
"69","procurementandsupplychainmanagementsystems","nationalcostedsupplychainmasterplanandimplementation","R1_1",1,"hss"
"70","procurementandsupplychainmanagementsystems","nationalproductselectionregistrationandqualitymonitoring","R1_3",1,"hiv"
"71","procurementandsupplychainmanagementsystems","nationalproductselectionregistrationandqualitymonitoring","R1_4",1,"hiv"
"72","procurementandsupplychainmanagementsystems","nationalproductselectionregistrationandqualitymonitoring","R1_4",1,"malaria"
"73","procurementandsupplychainmanagementsystems","nationalproductselectionregistrationandqualitymonitoring","R1_4",1,"tb"
"74","humanresourcesforhealthincludingcommunityhealthworkers","otherhealthandcommunityworkforceinterventions","R3_3",1,"malaria"
"75","humanresourcesforhealthincludingcommunityhealthworkers","otherhealthandcommunityworkforceinterventions","R3_3",1,"tb"
"76","humanresourcesforhealthincludingcommunityhealthworkers","otherhealthandcommunityworkforceinterventions","R3_3",1,"hss"
"77","humanresourcesforhealthincludingcommunityhealthworkers","humanresourcesforhealthincludingcommunityhealthworkers","R3",1,"hiv"
"78","integratedservicedeliveryandqualityimprovement","improvingservicedeliveryinfrastructure","R4_4",1,"malaria"
"79","integratedservicedeliveryandqualityimprovement","improvingservicedeliveryinfrastructure","R4_4",1,"tb"
"80","integratedservicedeliveryandqualityimprovement","improvingservicedeliveryinfrastructure","R4_4",1,"hss"
"81","integratedservicedeliveryandqualityimprovement","integratedservicedeliveryandqualityimprovement","R4",1,"hiv"
"82","integratedservicedeliveryandqualityimprovement","integratedservicedeliveryandqualityimprovement","R4",1,"malaria"
"83","integratedservicedeliveryandqualityimprovement","integratedservicedeliveryandqualityimprovement","R4",1,"tb"
"84","financialmanagementsystems","financialmanagementsystems","R5",1,"hiv"
"85","financialmanagementsystems","publicfinancialmanagementstrengthening","R5_1",1,"hiv"
"86","financialmanagementsystems","routinefinancialmanagementimprovementnonpublicfinancialmanagement","R5_2",1,"hiv"
"87","financialmanagementsystems","otherfinancialmanagementinterventions","R5_3",1,"hiv"
"88","nationalhealthstrategies","nationalhealthstrategies","R6",1,"hiv"
"89","nationalhealthstrategies","otherpolicyandgovernanceinterventions","R6_2",1,"hiv"
"90","communityresponsesandsystems","communityledadvocacy","R7_2",1,"malaria"
"91","communityresponsesandsystems","communityledadvocacy","R7_2",1,"tb"
"92","otherunidentified","otherunidentified","R1",0.125,"hiv"
"93","otherunidentified","otherunidentified","R2",0.125,"hiv"
"94","otherunidentified","otherunidentified","R3",0.125,"hiv"
"95","otherunidentified","otherunidentified","R4",0.125,"hiv"
"96","otherunidentified","otherunidentified","R5",0.125,"hiv"
"97","otherunidentified","otherunidentified","R6",0.125,"hiv"
"98","otherunidentified","otherunidentified","R7",0.125,"hiv"
"99","otherunidentified","otherunidentified","R8",0.125,"hiv"
"100","malprevention","bcccommunityoutreach","R7_3",1,"malaria"
"101","malprevention","bcccommunityoutreach","R7_3",1,"tb"
"102","malprevention","bcccommunityoutreach","R7_3",1,"hss"
"103","malprevention","preventionbcccommunityoutreach","M1_6",1,"malaria"
"104","healthsystemstrengthening","humanresources","M3_5",0.5,"malaria"
"105","healthsystemstrengthening","humanresources","M1_6",0.5,"malaria"
"106","preventionbehavioralchangecommunicationcommunityoutreach","all","M2_9",1,"malaria"
"107","performancebasedfinancing","performancebasedfinancing","M98",1,"malaria"
"108","healthsystemsstrengthening","humanresources","R3_1",1,"malaria"
"109","hivhealthsystemsstrengthening","informationsystemoperationalresearch","R2_5",0.142857143,"malaria"
"110","healthsystemsstrengthening","servicedelivery","R4_1",1,"malaria"
"111","hivhealthsystemsstrengthening","informationsystemoperationalresearch","R2_6",0.142857143,"malaria"
"112","malsupportiveenvironment","leadershipandgovernance","R6_1",0.5,"malaria"
"113","malsupportiveenvironment","leadershipandgovernance","R6_2",0.5,"malaria"
"114","hivprevention","preventionbcccommunityoutreach","R7_5",1,"malaria"
"115","hivhealthsystemsstrengthening","informationsystemoperationalresearch","R2_7",0.142857143,"malaria"
"116","hivhealthsystemsstrengthening","programmemanagementandadministrationcost","R8_3",1,"malaria"
"117","hivhealthsystemsstrengthening","humanresources","R3_1",1,"malaria"
"118","hivhealthsystemsstrengthening","servicedelivery","R4_1",1,"malaria"
"119","hivhealthsystemsstrengthening","establishby2013supportiveenvironmentfortheimplementationandmonitoringofpreventiontreatmentcaringandsupportservicesinthe196healthareastargeted","R6_1",1,"malaria"
"120","hivhealthsystemsstrengthening","otherspecify","R4_4",1,"tb"
"121","hivhealthsystemsstrengthening","informationsystemoperationalresearch","R2_1",0.142857143,"tb"
"122","hivhealthsystemsstrengthening","informationsystemoperationalresearch","R2_2",0.142857143,"tb"
"123","hivhealthsystemsstrengthening","informationsystemoperationalresearch","R2_3",0.142857143,"tb"
"124","hivhealthsystemsstrengthening","informationsystemoperationalresearch","R2_4",0.142857143,"tb"
"125","hivhealthsystemsstrengthening","informationsystemoperationalresearch","R2_5",0.142857143,"tb"
"126","hivhealthsystemsstrengthening","informationsystemoperationalresearch","R2_6",0.142857143,"tb"
"127","healthsystemstrengthening","communitysystemsstrengthening","R7_1",1,"malaria"
"128","healthsystemstrengthening","informationsystemoperationalresearch","R2_7",1,"malaria"
"129","healthsystemstrengthening","servicedelivery","R4_4",1,"malaria"
"130","healthsystemstrengthening","supportiveenvironmentprogrammanagementandadministration","R7_4",1,"malaria"
"131","healthsystemsstrengthening","servicedelivery","R4_4",1,"malaria"
"132","hivhealthsystemsstrengthening","informationsystemoperationalresearch","R2_7",0.142857143,"tb"
"133","removinglegalbarrierstoaccess","policyadvocacyonlegalrights","R7_2",1,"malaria"
"134","financialmanagementsystems","publicfinancialmanagementpfmstrengthening","R5_1",1,"malaria"
"135","healthmanagementinformationsystemsandme","analysisreviewandtransparency","R2_3",1,"malaria"
"136","communityresponsesandsystems","communityledadvocacy","R7_2",1,"hss"
"137","nationalhealthstrategies","nationalhealthstrategiesalignmentwithdiseasespecificplanshealthsectorgovernanceandfinancing","R6_1",1,"malaria"
"138","communityresponsesandsystems","communityledadvocacy","R7_2",1,"hiv/tb"
"139","communityresponsesandsystems","communityresponsesandsystems","R7",1,"hiv"
"140","healthmanagementinformationsystemsandme","analysisreviewandtransparency","R2_3",1,"tb"
"141","hivhealthsystemsstrengthening","programmemanagementandadministrationcost","R8_3",1,"tb"
"142","otherspecify","all","R1",0.125,"malaria"
"143","otherspecify","all","R2",0.125,"malaria"
"144","otherspecify","all","R3",0.125,"malaria"
"145","otherspecify","all","R4",0.125,"malaria"
"146","otherspecify","all","R5",0.125,"malaria"
"147","otherspecify","all","R6",0.125,"malaria"
"148","otherspecify","all","R7",0.125,"malaria"
"149","otherspecify","all","R8",0.125,"malaria"
"150","other","all","R1",0.125,"malaria"
"151","other","all","R2",0.125,"malaria"
"152","other","all","R3",0.125,"malaria"
"153","other","all","R4",0.125,"malaria"
"154","other","all","R5",0.125,"malaria"
"155","other","all","R6",0.125,"malaria"
"156","other","all","R7",0.125,"malaria"
"157","other","all","R8",0.125,"malaria"
"158","beyondtb","all","R1",0.125,"malaria"
"159","beyondtb","all","R2",0.125,"malaria"
"160","beyondtb","all","R3",0.125,"malaria"
"161","beyondtb","all","R4",0.125,"malaria"
"162","beyondtb","all","R5",0.125,"malaria"
"163","beyondtb","all","R6",0.125,"malaria"
"164","beyondtb","all","R7",0.125,"malaria"
"165","beyondtb","all","R8",0.125,"malaria"
"166","communityresponsesandsystems","communityresponsesandsystems","R7",1,"malaria"
"167","procurementandsupplychainmanagementsystems","nationalproductselectionregistrationandqualitymonitoring","R1_4",1,"hss"
"168","healthmanagementinformationsystemsandme","analysisreviewandtransparency","R2_3",1,"hss"
"169","integratedservicedeliveryandqualityimprovement","integratedservicedeliveryandqualityimprovement","R4",1,"hss"
"170","healthmanagementinformationsystemsandme","otherhealthinformationsystemsandmeinterventions","R2_7",1,"hiv"
"171","healthmanagementinformationsystemsandme","otherhealthinformationsystemsandmeinterventions","R2_7",1,"malaria"
"172","humanresourcesforhealthincludingcommunityhealthworkers","capacitybuildingforhealthworkersincludingthoseatcommunitylevel","R3_1",1,"hiv"
"173","healthmanagementinformationsystemsandme","otherhealthinformationsystemsandmeinterventions","R2_7",1,"tb"
"174","healthmanagementinformationsystemsandme","otherhealthinformationsystemsandmeinterventions","R2_7",1,"hss"
"175","procurementandsupplychainmanagementsystems","otherprocurementandsupplychainmanagementinterventions","R1_5",1,"hiv"
"176","procurementandsupplychainmanagementsystems","otherprocurementandsupplychainmanagementinterventions","R1_5",1,"malaria"
"177","procurementandsupplychainmanagementsystems","otherprocurementandsupplychainmanagementinterventions","R1_5",1,"tb"
"178","procurementandsupplychainmanagementsystems","otherprocurementandsupplychainmanagementinterventions","R1_5",1,"hss"
"179","procurementandsupplychainmanagementsystems","otherprocurementsupplychainmanagementinterventions","R1_5",1,"hiv"
"180","procurementandsupplychainmanagementsystems","otherprocurementsupplychainmanagementinterventions","R1_5",1,"malaria"
"181","humanresourcesforhealthincludingcommunityhealthworkers","retentionandscaleupofhealthworkersincludingforcommunityhealthworkers","R3_2",1,"hiv"
"182","humanresourcesforhealthincludingcommunityhealthworkers","otherhealthandcommunityworkforceinterventions","R3_3",1,"hiv"
"183","humanresourcesforhealthincludingcommunityhealthworkers","humanresourcesforhealthincludingcommunityhealthworkers","R3",1,"malaria"
"184","humanresourcesforhealthincludingcommunityhealthworkers","capacitybuildingforhealthworkersincludingthoseatcommunitylevel","R3_1",1,"malaria"
"185","integratedservicedeliveryandqualityimprovement","laboratorysystemsfordiseasepreventioncontroltreatmentanddiseasesurveillance","R4_3",1,"hiv"
"186","integratedservicedeliveryandqualityimprovement","laboratorysystemsfordiseasepreventioncontroltreatmentanddiseasesurveillance","R4_3",1,"malaria"
"187","integratedservicedeliveryandqualityimprovement","laboratorysystemsfordiseasepreventioncontroltreatmentanddiseasesurveillance","R4_3",1,"tb"
"188","integratedservicedeliveryandqualityimprovement","laboratorysystemsfordiseasepreventioncontroltreatmentanddiseasesurveillance","R4_3",1,"hss"
"189","integratedservicedeliveryandqualityimprovement","otherservicedeliveryinterventions","R4_6",1,"hiv"
"190","integratedservicedeliveryandqualityimprovement","otherservicedeliveryinterventions","R4_6",1,"malaria"
"191","financialmanagementsystems","financialmanagementsystems","R5",1,"malaria"
"192","financialmanagementsystems","publicfinancialmanagementstrengthening","R5_1",1,"malaria"
"193","financialmanagementsystems","routinefinancialmanagementimprovementnonpublicfinancialmanagement","R5_2",1,"malaria"
"194","financialmanagementsystems","otherfinancialmanagementinterventions","R5_3",1,"malaria"
"195","nationalhealthstrategies","nationalhealthstrategies","R6",1,"malaria"
"196","nationalhealthstrategies","otherpolicyandgovernanceinterventions","R6_2",1,"malaria"
"197","communityresponsesandsystems","communityresponsesandsystems","R7",1,"tb"
"198","communityresponsesandsystems","communityresponsesandsystems","R7",1,"hss"
"199","communityresponsesandsystems","communityresponsesandsystems","R7",1,"hiv/tb"
"200","otherunidentified","otherunidentified","R1",0.125,"malaria"
"201","otherunidentified","otherunidentified","R2",0.125,"malaria"
"202","otherunidentified","otherunidentified","R3",0.125,"malaria"
"203","otherunidentified","otherunidentified","R4",0.125,"malaria"
"204","otherunidentified","otherunidentified","R5",0.125,"malaria"
"205","otherunidentified","otherunidentified","R6",0.125,"malaria"
"206","otherunidentified","otherunidentified","R7",0.125,"malaria"
"207","otherunidentified","otherunidentified","R8",0.125,"malaria"
"208","tbtreatment","mdrtb","T4_7",1,"tb"
"209","tbhivcollaborativeactivities","tbhiv","T2_6",1,"tb"
"210","tbtreatment","mdrtb","T3_10",1,"tb"
"211","mdrtb","casedetectionanddiagnosismdrtb","H7_8",1,"hiv"
"212","mdrtb","engagingallcareprovidersmdrtb","H7_8",1,"hiv"
"213","mdrtb","keyaffectedpopulations","H7",1,"hiv"
"214","performancebasedfinancing","performancebasedfinancing","T98",1,"tb"
"215","healthsystemsstrengthening","humanresources","R3_1",1,"tb"
"216","hivhealthsystemsstrengthening","humanresources","R3_1",1,"tb"
"217","healthsystemsstrengthening","servicedelivery","R4_1",1,"tb"
"218","hivhealthsystemsstrengthening","servicedelivery","R4_1",1,"tb"
"219","malsupportiveenvironment","leadershipandgovernance","R6_1",0.5,"tb"
"220","malsupportiveenvironment","leadershipandgovernance","R6_2",0.5,"tb"
"221","hivprevention","preventionbcccommunityoutreach","R7_5",1,"tb"
"222","hivhealthsystemsstrengthening","establishby2013supportiveenvironmentfortheimplementationandmonitoringofpreventiontreatmentcaringandsupportservicesinthe196healthareastargeted","R6_1",1,"tb"
"223","hivhealthsystemsstrengthening","otherspecify","R4_4",1,"hss"
"224","hivhealthsystemsstrengthening","informationsystemoperationalresearch","R2_1",0.142857143,"hss"
"225","hivhealthsystemsstrengthening","informationsystemoperationalresearch","R2_2",0.142857143,"hss"
"226","hivhealthsystemsstrengthening","informationsystemoperationalresearch","R2_3",0.142857143,"hss"
"227","hivhealthsystemsstrengthening","informationsystemoperationalresearch","R2_4",0.142857143,"hss"
"228","hivhealthsystemsstrengthening","informationsystemoperationalresearch","R2_5",0.142857143,"hss"
"229","hivhealthsystemsstrengthening","informationsystemoperationalresearch","R2_6",0.142857143,"hss"
"230","hivhealthsystemsstrengthening","informationsystemoperationalresearch","R2_7",0.142857143,"hss"
"231","hivhealthsystemsstrengthening","programmemanagementandadministrationcost","R8_3",1,"hss"
"232","hivhealthsystemsstrengthening","humanresources","R3_1",1,"hss"
"233","healthsystemstrengthening","communitysystemsstrengthening","R7_1",1,"tb"
"234","healthsystemstrengthening","informationsystemoperationalresearch","R2_7",1,"tb"
"235","healthsystemstrengthening","servicedelivery","R4_4",1,"tb"
"236","healthsystemstrengthening","supportiveenvironmentprogrammanagementandadministration","R7_4",1,"tb"
"237","healthsystemsstrengthening","servicedelivery","R4_4",1,"tb"
"238","hivhealthsystemsstrengthening","establishby2013supportiveenvironmentfortheimplementationandmonitoringofpreventiontreatmentcaringandsupportservicesinthe196healthareastargeted","R6_1",1,"hss"
"239","removinglegalbarrierstoaccess","policyadvocacyonlegalrights","R7_2",1,"tb"
"240","financialmanagementsystems","publicfinancialmanagementpfmstrengthening","R5_1",1,"tb"
"241","healthmanagementinformationsystemsandme","programanddataquality","R2_2",1,"malaria"
"242","communityresponsesandsystems","institutionalcapacitybuildingplanningandleadershipdevelopment","R7_4",1,"hiv"
"243","nationalhealthstrategies","nationalhealthstrategiesalignmentwithdiseasespecificplanshealthsectorgovernanceandfinancing","R6_1",1,"tb"
"244","communityresponsesandsystems","institutionalcapacitybuildingplanningandleadershipdevelopment","R7_4",1,"malaria"
"245","communityresponsesandsystems","institutionalcapacitybuildingplanningandleadershipdevelopment","R7_4",1,"tb"
"246","healthmanagementinformationsystemsandme","programanddataquality","R2_2",1,"tb"
"247","otherspecify","all","R1",0.125,"tb"
"248","otherspecify","all","R2",0.125,"tb"
"249","otherspecify","all","R3",0.125,"tb"
"250","otherspecify","all","R4",0.125,"tb"
"251","otherspecify","all","R5",0.125,"tb"
"252","otherspecify","all","R6",0.125,"tb"
"253","otherspecify","all","R7",0.125,"tb"
"254","otherspecify","all","R8",0.125,"tb"
"255","other","all","R1",0.125,"tb"
"256","other","all","R2",0.125,"tb"
"257","other","all","R3",0.125,"tb"
"258","other","all","R4",0.125,"tb"
"259","other","all","R5",0.125,"tb"
"260","other","all","R6",0.125,"tb"
"261","other","all","R7",0.125,"tb"
"262","other","all","R8",0.125,"tb"
"263","beyondtb","all","R1",0.125,"tb"
"264","beyondtb","all","R2",0.125,"tb"
"265","beyondtb","all","R3",0.125,"tb"
"266","beyondtb","all","R4",0.125,"tb"
"267","beyondtb","all","R5",0.125,"tb"
"268","beyondtb","all","R6",0.125,"tb"
"269","beyondtb","all","R7",0.125,"tb"
"270","beyondtb","all","R8",0.125,"tb"
"271","communityresponsesandsystems","institutionalcapacitybuildingplanningandleadershipdevelopment","R7_4",1,"hss"
"272","procurementandsupplychainmanagementsystems","otherprocurementsupplychainmanagementinterventions","R1_5",1,"tb"
"273","healthmanagementinformationsystemsandme","programanddataquality","R2_2",1,"hss"
"274","integratedservicedeliveryandqualityimprovement","otherservicedeliveryinterventions","R4_6",1,"tb"
"275","healthmanagementinformationsystemsandme","routinereporting","R2_1",1,"hiv"
"276","healthmanagementinformationsystemsandme","routinereporting","R2_1",1,"malaria"
"277","humanresourcesforhealthincludingcommunityhealthworkers","retentionandscaleupofhealthworkersincludingforcommunityhealthworkers","R3_2",1,"malaria"
"278","healthmanagementinformationsystemsandme","routinereporting","R2_1",1,"tb"
"279","healthmanagementinformationsystemsandme","routinereporting","R2_1",1,"hss"
"280","procurementandsupplychainmanagementsystems","otherprocurementsupplychainmanagementinterventions","R1_5",1,"hss"
"281","procurementandsupplychainmanagementsystems","procurementandsupplychainmanagementsystems","R1",1,"hiv"
"282","procurementandsupplychainmanagementsystems","procurementandsupplychainmanagementsystems","R1",1,"malaria"
"283","procurementandsupplychainmanagementsystems","procurementandsupplychainmanagementsystems","R1",1,"tb"
"284","procurementandsupplychainmanagementsystems","procurementandsupplychainmanagementsystems","R1",1,"hss"
"285","procurementandsupplychainmanagementsystems","procurementstrategy","R1_2",1,"hiv"
"286","humanresourcesforhealthincludingcommunityhealthworkers","otherhealthandcommunityworkforceinterventions","R3_3",1,"malaria"
"287","humanresourcesforhealthincludingcommunityhealthworkers","humanresourcesforhealthincludingcommunityhealthworkers","R3",1,"tb"
"288","humanresourcesforhealthincludingcommunityhealthworkers","capacitybuildingforhealthworkersincludingthoseatcommunitylevel","R3_1",1,"tb"
"289","humanresourcesforhealthincludingcommunityhealthworkers","retentionandscaleupofhealthworkersincludingforcommunityhealthworkers","R3_2",1,"tb"
"290","integratedservicedeliveryandqualityimprovement","otherservicedeliveryinterventions","R4_6",1,"hss"
"291","integratedservicedeliveryandqualityimprovement","providerinitiatedfeedbackmechanisms","R4_5",1,"hiv"
"292","integratedservicedeliveryandqualityimprovement","providerinitiatedfeedbackmechanisms","R4_5",1,"malaria"
"293","integratedservicedeliveryandqualityimprovement","providerinitiatedfeedbackmechanisms","R4_5",1,"tb"
"294","integratedservicedeliveryandqualityimprovement","providerinitiatedfeedbackmechanisms","R4_5",1,"hss"
"295","integratedservicedeliveryandqualityimprovement","serviceorganizationandfacilitymanagement","R4_2",1,"hiv"
"296","financialmanagementsystems","financialmanagementsystems","R5",1,"tb"
"297","financialmanagementsystems","publicfinancialmanagementstrengthening","R5_1",1,"tb"
"298","financialmanagementsystems","routinefinancialmanagementimprovementnonpublicfinancialmanagement","R5_2",1,"tb"
"299","financialmanagementsystems","otherfinancialmanagementinterventions","R5_3",1,"tb"
"300","nationalhealthstrategies","nationalhealthstrategies","R6",1,"tb"
"301","nationalhealthstrategies","otherpolicyandgovernanceinterventions","R6_2",1,"tb"
"302","communityresponsesandsystems","institutionalcapacitybuildingplanningandleadershipdevelopment","R7_4",1,"hiv/tb"
"303","communityresponsesandsystems","othercommunityresponsesandsystemsinterventions","R7_5",1,"hiv"
"304","communityresponsesandsystems","othercommunityresponsesandsystemsinterventions","R7_5",1,"malaria"
"305","otherunidentified","otherunidentified","R1",0.125,"tb"
"306","otherunidentified","otherunidentified","R2",0.125,"tb"
"307","otherunidentified","otherunidentified","R3",0.125,"tb"
"308","otherunidentified","otherunidentified","R4",0.125,"tb"
"309","otherunidentified","otherunidentified","R5",0.125,"tb"
"310","otherunidentified","otherunidentified","R6",0.125,"tb"
"311","otherunidentified","otherunidentified","R7",0.125,"tb"
"312","otherunidentified","otherunidentified","R8",0.125,"tb"
"313","healthsystemsstrengthening","humanresources","R3_1",1,"hss"
"314","malhealthsystemsstrengthening","informationsystem","R2_7",1,"hiv"
"315","healthsystemsstrengthening","servicedelivery","R4_1",1,"hss"
"316","malhealthsystemsstrengthening","informationsystem","R2",1,"hiv"
"317","malsupportiveenvironment","leadershipandgovernance","R6_1",0.5,"hss"
"318","malsupportiveenvironment","leadershipandgovernance","R6_2",0.5,"hss"
"319","hivprevention","preventionbcccommunityoutreach","R7_5",1,"hss"
"320","malhealthsystemsstrengthening","informationsystem","R2",1,"tb"
"321","malhealthsystemsstrengthening","informationsystem","R2",1,"hss"
"322","malhealthsystemsstrengthening","procurementandsupplymanagement","R1",1,"hss"
"323","tbhealthsystemsstrengthening","supportiveenvironmentprogrammanagementandadministration","R8_1",1,"hiv"
"324","tbhealthsystemsstrengthening","supportiveenvironmentprogrammanagementandadministration","R8_3",1,"hiv"
"325","tbhealthsystemsstrengthening","me","R2_7",1,"hiv"
"326","tbhealthsystemsstrengthening","supportiveenvironmentprogrammanagementandadministration","R8_1",1,"malaria"
"327","tbhealthsystemsstrengthening","supportiveenvironmentprogrammanagementandadministration","R8_3",1,"malaria"
"328","healthsystemstrengthening","communitysystemsstrengthening","R7_1",1,"hss"
"329","healthsystemstrengthening","informationsystemoperationalresearch","R2_7",1,"hss"
"330","healthsystemstrengthening","servicedelivery","R4_4",1,"hss"
"331","healthsystemstrengthening","supportiveenvironmentprogrammanagementandadministration","R7_4",1,"hss"
"332","healthsystemsstrengthening","servicedelivery","R4_4",1,"hss"
"333","tbhealthsystemsstrengthening","me","R2_7",1,"malaria"
"334","removinglegalbarrierstoaccess","policyadvocacyonlegalrights","R7_2",1,"hss"
"335","financialmanagementsystems","publicfinancialmanagementpfmstrengthening","R5_1",1,"hss"
"336","healthmanagementinformationsystemsandme","surveys","R2_4",1,"hiv"
"337","communityresponsesandsystems","othercommunityresponsesandsystemsinterventions","R7_5",1,"tb"
"338","nationalhealthstrategies","nationalhealthstrategiesalignmentwithdiseasespecificplanshealthsectorgovernanceandfinancing","R6_1",1,"hss"
"339","communityresponsesandsystems","othercommunityresponsesandsystemsinterventions","R7_5",1,"hss"
"340","communityresponsesandsystems","othercommunityresponsesandsystemsinterventions","R7_5",1,"hiv/tb"
"341","healthmanagementinformationsystemsandme","surveys","R2_4",1,"malaria"
"342","other","all","R1",0.125,"hss"
"343","other","all","R2",0.125,"hss"
"344","other","all","R3",0.125,"hss"
"345","other","all","R4",0.125,"hss"
"346","other","all","R5",0.125,"hss"
"347","other","all","R6",0.125,"hss"
"348","other","all","R8",0.125,"hss"
"349","other","all","R7",0.125,"hss"
"350","beyondtb","all","R1",0.125,"hss"
"351","beyondtb","all","R2",0.125,"hss"
"352","beyondtb","all","R3",0.125,"hss"
"353","beyondtb","all","R4",0.125,"hss"
"354","beyondtb","all","R5",0.125,"hss"
"355","beyondtb","all","R6",0.125,"hss"
"356","beyondtb","all","R8",0.125,"hss"
"357","beyondtb","all","R7",0.125,"hss"
"358","communityresponsesandsystems","otherothercommunityresponsesandsystemsinterventions","R7_5",1,"hiv"
"359","procurementandsupplychainmanagementsystems","procurementstrategy","R1_2",1,"malaria"
"360","healthmanagementinformationsystemsandme","surveys","R2_4",1,"tb"
"361","integratedservicedeliveryandqualityimprovement","serviceorganizationandfacilitymanagement","R4_2",1,"malaria"
"362","healthmanagementinformationsystemsandme","surveys","R2_4",1,"hss"
"363","healthmanagementinformationsystemsandme","vitalregistrationsystem","R2_6",1,"malaria"
"364","humanresourcesforhealthincludingcommunityhealthworkers","otherhealthandcommunityworkforceinterventions","R3_3",1,"tb"
"365","healthmanagementinformationsystemsandme","vitalregistrationsystem","R2_6",1,"tb"
"366","healthmanagementinformationsystemsandme","vitalregistrationsystem","R2_6",1,"hss"
"367","programmanagement","programmanagement","R8",1,"hiv"
"368","treatmentprompteffectiveantimalarialtreatment","all","R4",1,"hss"
"369","treatmentdiagnosis","all","R4",1,"hss"
"370","treatmentprompteffectiveantimalarialtreatmentprivatesector","all","R4",1,"hss"
"371","treatmentmanagementofmalariainschools","all","R7_4",1,"hss"
"372","procurementandsupplychainmanagementsystems","procurementstrategy","R1_2",1,"tb"
"373","procurementandsupplychainmanagementsystems","procurementstrategy","R1_2",1,"hss"
"374","procurementandsupplychainmanagementsystems","supplychaininfrastructureanddevelopmentoftools","R1_3",1,"hiv"
"375","procurementandsupplychainmanagementsystems","supplychaininfrastructureanddevelopmentoftools","R1_3",1,"malaria"
"376","procurementandsupplychainmanagementsystems","supplychaininfrastructureanddevelopmentoftools","R1_3",1,"tb"
"377","procurementandsupplychainmanagementsystems","supplychaininfrastructureanddevelopmentoftools","R1_3",1,"hss"
"378","humanresourcesforhealthincludingcommunityhealthworkers","humanresourcesforhealthincludingcommunityhealthworkers","R3",1,"hss"
"379","humanresourcesforhealthincludingcommunityhealthworkers","capacitybuildingforhealthworkersincludingthoseatcommunitylevel","R3_1",1,"hss"
"380","humanresourcesforhealthincludingcommunityhealthworkers","retentionandscaleupofhealthworkersincludingforcommunityhealthworkers","R3_2",1,"hss"
"381","humanresourcesforhealthincludingcommunityhealthworkers","otherhealthandcommunityworkforceinterventions","R3_3",1,"hss"
"382","integratedservicedeliveryandqualityimprovement","serviceorganizationandfacilitymanagement","R4_2",1,"tb"
"383","integratedservicedeliveryandqualityimprovement","serviceorganizationandfacilitymanagement","R4_2",1,"hss"
"384","integratedservicedeliveryandqualityimprovement","supportivepolicyandprogrammaticenvironment","R4_1",1,"hiv"
"385","integratedservicedeliveryandqualityimprovement","supportivepolicyandprogrammaticenvironment","R4_1",1,"malaria"
"386","integratedservicedeliveryandqualityimprovement","supportivepolicyandprogrammaticenvironment","R4_1",1,"tb"
"387","integratedservicedeliveryandqualityimprovement","supportivepolicyandprogrammaticenvironment","R4_1",1,"hss"
"388","financialmanagementsystems","financialmanagementsystems","R5",1,"hss"
"389","financialmanagementsystems","publicfinancialmanagementstrengthening","R5_1",1,"hss"
"390","financialmanagementsystems","routinefinancialmanagementimprovementnonpublicfinancialmanagement","R5_2",1,"hss"
"391","financialmanagementsystems","otherfinancialmanagementinterventions","R5_3",1,"hss"
"392","nationalhealthstrategies","nationalhealthstrategies","R6",1,"hss"
"393","nationalhealthstrategies","otherpolicyandgovernanceinterventions","R6_2",1,"hss"
"394","communityresponsesandsystems","otherothercommunityresponsesandsystemsinterventions","R7_5",1,"malaria"
"395","communityresponsesandsystems","otherothercommunityresponsesandsystemsinterventions","R7_5",1,"tb"
"396","communityresponsesandsystems","otherothercommunityresponsesandsystemsinterventions","R7_5",1,"hss"
"397","programmanagement","programmanagement","R8",1,"tb"
"398","otherunidentified","otherunidentified","R1",0.125,"hss"
"399","otherunidentified","otherunidentified","R2",0.125,"hss"
"400","otherunidentified","otherunidentified","R3",0.125,"hss"
"401","otherunidentified","otherunidentified","R4",0.125,"hss"
"402","otherunidentified","otherunidentified","R5",0.125,"hss"
"403","otherunidentified","otherunidentified","R6",0.125,"hss"
"404","otherunidentified","otherunidentified","R8",0.125,"hss"
"405","otherunidentified","otherunidentified","R7",0.125,"hss"
"406","tuberculosemultiresistante","all","H7",1,"hiv"
"407","tbhealthsystemsstrengthening","supportiveenvironmentprogrammanagementandadministration","R8_1",1,"hss"
"408","tbhealthsystemsstrengthening","me","R2_7",1,"hss"
"409","healthsystemstrengthening","humanresources","R3",1,"hss"
"410","healthmanagementinformationsystemsandme","programanddataquality","R2_2",1,"hiv"
"411","healthmanagementinformationsystemsandme","analysisreviewandtransparency","R2_3",1,"hiv/tb"
"412","mdrtb","keypopulationsmdrtbothers","H7_5",1,"hiv"
"413","mdrtb","othermdrtbinterventions","H7_8",1,"hiv"
"414","mdrtb","preventionformdrtb","H7_8",1,"hiv"
"415","communityresponsesandsystems","otherothercommunityresponsesandsystemsinterventions","R7_5",1,"hiv/tb"
"416","communityresponsesandsystems","socialmobilizationbuildingcommunitylinkagescollaborationandcoordination","R7_3",1,"hiv"
"417","communityresponsesandsystems","socialmobilizationbuildingcommunitylinkagescollaborationandcoordination","R7_3",1,"malaria"
"418","communityresponsesandsystems","socialmobilizationbuildingcommunitylinkagescollaborationandcoordination","R7_3",1,"tb"
"419","communityresponsesandsystems","socialmobilizationbuildingcommunitylinkagescollaborationandcoordination","R7_3",1,"hss"
"420","communityresponsesandsystems","socialmobilizationbuildingcommunitylinkagescollaborationandcoordination","R7_3",1,"hiv/tb"
"421","communityresponsesandsystems","communitybasedmonitoring","R7_1",1,"hiv/tb"
>>>>>>> 9d3a53738acf035c396ba6bfc553125ef938065f
