"","module","intervention","code","coefficient","disease","frequency","code_count"
"1","treatmentcareandsupport","na","H6",1,"hiv",1,10
"2","preventiondelatransmissiondelamcreslenfantptme","volet3preventiondelatransmissionverticaleduvih","H5_3",1,"hiv",1,10
"3","unspecified","financementfondesurlesresultats","H98",1,"hiv",1,4
"4","prevention","behavioralchangecommunicationcommunityoutreach","H1_1",1,"hiv",1,18
"5","prevention","bloodsafetyanduniversalprecautions","H1_1",1,"hiv",1,18
"6","rsshcommunityresponsesandsystems","communitybasedmonitoring","R7_1",1,"hiv",1,27
"7","treatmentcareandsupport","na","M2",1,"malaria",1,7
"8","treatmentcareandsupport","na","T1",1,"tb",1,8
"9","programmanagement","all","H9_3",1,"hiv",1,15
"10","programmanagement","all","T4_3",1,"tb",1,11
"11","healthsystemsstrengthening","servicedelivery","R4",1,"hiv",1,16
"12","malsupportiveenvironment","supportiveenvironmentcoordinationandpartnershipdevelopmentnationalcommunitypublicprivate","H9_1",1,"hiv",1,16
"13","hivprevention","preventionbcccommunityoutreach","H1_1",1,"hiv",1,18
"14","hivsupportiveenvironment","supportiveenvironmentprogrammanagementandadministration","H9_3",1,"hiv",1,15
"15","malsupportiveenvironment","leadershipandgovernance","R6_1",1,"hiv",1,23
"16","hivhealthsystemsstrengthening","programmemanagementandadministrationcost","H9_3",1,"hiv",1,15
"17","supportiveenvironment","supportiveenvironmentprogrammanagementandadministration","H9_3",1,"hiv",1,15
"18","healthsystemsstrengthening","communitysystemsstrengthening","R7_1",1,"hiv",1,27
"19","healthsystemsstrengthening","informationsystemoperationalresearch","R2_7",1,"hiv",1,64
"20","healthsystemsstrengthening","supportiveenvironmentprogrammanagementandadministration","R7_4",1,"hiv",1,28
"21","gestiondeprogramas","gestiondesubvenciones","H9_2",1,"hiv",1,19
"22","apoyoalagestiondelpnct","52talleranualdeplanificaciondelpnctestablecimientodemetasyfirmadecompromisosporpartedelasareas","H9_2",1,"hiv",1,19
"23","apoyoalagestiondelpnct","53supervisiondelnivelcentralalasareasdesaludatravesdepersonaldesupervision","H9_2",1,"hiv",1,19
"24","apoyoalagestiondelpnct","54dotaciondeinsumosysuministrosparalaejecuciondelproyecto","H9_2",1,"hiv",1,19
"25","apoyoalagestiondelpnct","55incentivosarrhhparalaejecuciondelproyecto","H9_2",1,"hiv",1,19
"26","apoyoalagestiondelpnct","56contrataciondemonitoresparaapoyoejecuciondelproyecto","H9_2",1,"hiv",1,19
"27","apoyoalagestiondelpnct","57contrataciondeasistenciatecnicaparasistemasdeinformacion","H9_2",1,"hiv",1,19
"28","apoyoalagestiondelpnct","58contratacionderrhhparaejecuciondelproyecto","H9_2",1,"hiv",1,19
"29","apoyoalagestiondelpnct","61reunionessemestralesdeanalisisyretroalimentaciondelmedelprograma","H9_2",1,"hiv",1,19
"30","apoyoalagestiondelpnct","auditoriasexternasparaevaluaciondelproyecto","H9",1,"hiv",1,14
"31","apoyoalagestiondelpnct","11segurodevehiculosyequipo","H9",1,"hiv",1,14
"32","apoyoalagestiondelpnct","12combustibleparaactividadesdegerencialesmonitoreoyevaluaciondelproyecto","H9",1,"hiv",1,14
"33","apoyoalagestiondelpnct","13mantenimientodevehiculos","H9",1,"hiv",1,14
"34","apoyoalagestiondelpnct","14mantenimientodeequipodeoficina","H9",1,"hiv",1,14
"35","apoyoalagestiondelpnct","15viaticosparavisitasdesupervisionymonitoreodelequipotecnicoyadministrativodelproyecto","H9",1,"hiv",1,14
"36","apoyoalagestiondelpnct","16compradematerialesyutilesdeoficina","H9",1,"hiv",1,14
"37","apoyoalagestiondelpnct","17gastosporcompraenviodedocumentosparqueosimpuestosyotrosgastosrelacionadosalaejecuciondelproyecto","H9",1,"hiv",1,14
"38","entornofavorable","entornofavorablegestionyadministraciondelprograma","H9_3",1,"hiv",1,15
"39","fortalecimientodelossistemasdesaludfss","fssotrosespecifiquese","H9",1,"hiv",1,14
"40","rsshprocurementandsupplychainmanagementsystems","nationalcostedsupplychainmasterplanandimplementation","R1_1",1,"hiv",1,16
"41","rsshfinancialmanagementsystems","publicfinancialmanagementpfmstrengthening","R5_1",1,"hiv",1,14
"42","rsshhealthmanagementinformationsystemsandme","administrativeandfinancedatasources","R2_5",1,"hiv",1,24
"43","rsshcommunityresponsesandsystems","communitybasedmonitoring","R7_1",1,"malaria",1,27
"44","rsshnationalhealthstrategies","nationalhealthstrategiesalignmentwithdiseasespecificplanshealthsectorgovernanceandfinancing","R6_1",1,"hiv",1,23
"45","rsshcommunityresponsesandsystems","communitybasedmonitoring","R7_1",1,"tb",1,27
"46","rsshcommunityresponsesandsystems","communitybasedmonitoring","R7_1",1,"hss",1,27
"47","supportiveenvironmentprogrammanagementandadministration","all","H9_3",1,"hiv",1,15
"48","planningandadministrationcosts","all","H9",1,"hiv",1,14
"49","rsshhealthmanagementinformationsystemsandme","administrativeandfinancedatasources","R2_5",1,"malaria",1,24
"50","gestiondessubventions","politiquesplanificationcoordinationetgestiondesprogrammesnationauxdeluttecontrelesmaladies","H9_1",1,"hiv",1,16
"51","suivietevaluation","politiqueplanificationcoordinationetgestion","H9_1",1,"hiv",1,16
"52","gestionfinancicre","all","H9_2",1,"hiv",1,19
"53","programmanagementandadministration","all","H9",1,"hiv",1,14
"54","supportiveenvironmentcoordinationandpartnershipdevelopmentnationalcommunitypublicprivate","all","H9_1",1,"hiv",1,16
"55","rsshcommunityresponsesandsystems","communityledadvocacy","R7_2",1,"hiv",1,27
"56","rsshprocurementandsupplychainmanagementsystems","nationalcostedsupplychainmasterplanandimplementation","R1_1",1,"malaria",1,16
"57","rsshhealthmanagementinformationsystemsandme","administrativeandfinancedatasources","R2_5",1,"tb",1,24
"58","paymentforresults","paymentforresults","H9_3",1,"hiv",1,15
"59","rsshintegratedservicedeliveryandqualityimprovement","improvingservicedeliveryinfrastructure","R4_4",1,"hiv",1,24
"60","rsshhealthmanagementinformationsystemsandme","administrativeandfinancedatasources","R2_5",1,"hss",1,24
"61","rsshhealthmanagementinformationsystemsandme","analysisreviewandtransparency","R2_3",1,"hiv",1,49
"62","rsshprocurementandsupplychainmanagementsystems","nationalcostedsupplychainmasterplanandimplementation","R1_1",1,"tb",1,16
"63","rsshprocurementandsupplychainmanagementsystems","nationalcostedsupplychainmasterplanandimplementation","R1_1",1,"hss",1,16
"64","rsshprocurementandsupplychainmanagementsystems","nationalproductselectionregistrationandqualitymonitoring","R1_4",1,"hiv",1,4
"65","rsshprocurementandsupplychainmanagementsystems","nationalproductselectionregistrationandqualitymonitoring","R1_4",1,"malaria",1,4
"66","rsshprocurementandsupplychainmanagementsystems","nationalproductselectionregistrationandqualitymonitoring","R1_4",1,"tb",1,4
"67","rsshhumanresourcesforhealthincludingcommunityhealthworkers","otherhealthandcommunityworkforceinterventions","R3_3",1,"malaria",1,25
"68","rsshhumanresourcesforhealthincludingcommunityhealthworkers","otherhealthandcommunityworkforceinterventions","R3_3",1,"tb",1,25
"69","rsshhumanresourcesforhealthincludingcommunityhealthworkers","otherhealthandcommunityworkforceinterventions","R3_3",1,"hss",1,25
"70","rsshhumanresourcesforhealthincludingcommunityhealthworkers","humanresourcesforhealthincludingcommunityhealthworkers","R3",1,"hiv",1,21
"71","rsshintegratedservicedeliveryandqualityimprovement","improvingservicedeliveryinfrastructure","R4_4",1,"malaria",1,24
"72","rsshintegratedservicedeliveryandqualityimprovement","improvingservicedeliveryinfrastructure","R4_4",1,"tb",1,24
"73","rsshintegratedservicedeliveryandqualityimprovement","improvingservicedeliveryinfrastructure","R4_4",1,"hss",1,24
"74","rsshintegratedservicedeliveryandqualityimprovement","integratedservicedeliveryandqualityimprovement","R4",1,"hiv",1,16
"75","rsshintegratedservicedeliveryandqualityimprovement","integratedservicedeliveryandqualityimprovement","R4",1,"malaria",1,16
"76","rsshintegratedservicedeliveryandqualityimprovement","integratedservicedeliveryandqualityimprovement","R4",1,"tb",1,16
"77","rsshfinancialmanagementsystems","financialmanagementsystems","R5",1,"hiv",1,12
"78","rsshfinancialmanagementsystems","publicfinancialmanagementstrengthening","R5_1",1,"hiv",1,14
"79","rsshfinancialmanagementsystems","routinefinancialmanagementimprovementnonpublicfinancialmanagement","R5_2",1,"hiv",1,4
"80","rsshfinancialmanagementsystems","otherfinancialmanagementinterventions","R5_3",1,"hiv",1,8
"81","rsshnationalhealthstrategies","nationalhealthstrategies","R6",1,"hiv",1,8
"82","rsshnationalhealthstrategies","otherpolicyandgovernanceinterventions","R6_2",1,"hiv",1,8
"83","rsshcommunityresponsesandsystems","communityledadvocacy","R7_2",1,"malaria",1,27
"84","rsshcommunityresponsesandsystems","communityledadvocacy","R7_2",1,"tb",1,27
"85","malprevention","bcccommunityoutreach","M3_5",1,"malaria",1,8
"86","malprevention","preventionbcccommunityoutreach","M3_5",1,"malaria",1,8
"87","prevention","behavioralchangecommunicationcommunityoutreach","M2_9",1,"malaria",1,3
"88","healthsystemsstrengthening","servicedelivery","R4",1,"malaria",1,16
"89","malsupportiveenvironment","supportiveenvironmentcoordinationandpartnershipdevelopmentnationalcommunitypublicprivate","M4_1",1,"malaria",1,14
"90","hivsupportiveenvironment","supportiveenvironmentprogrammanagementandadministration","M4_3",1,"malaria",1,8
"91","supportiveenvironment","supportiveenvironmentprogrammanagementandadministration","M4_3",1,"malaria",1,8
"92","healthsystemsstrengthening","communitysystemsstrengthening","R7_1",1,"malaria",1,27
"93","healthsystemsstrengthening","informationsystemoperationalresearch","R2_7",1,"malaria",1,64
"94","healthsystemsstrengthening","supportiveenvironmentprogrammanagementandadministration","R7_4",1,"malaria",1,28
"95","gestiondeprogramas","gestiondesubvenciones","M4_2",1,"malaria",1,14
"96","gestiondeprogramas","gestiondesubvenciones","T4_2",1,"tb",1,15
"97","apoyoalagestiondelpnct","52talleranualdeplanificaciondelpnctestablecimientodemetasyfirmadecompromisosporpartedelasareas","M4_2",1,"malaria",1,14
"98","apoyoalagestiondelpnct","53supervisiondelnivelcentralalasareasdesaludatravesdepersonaldesupervision","M4_2",1,"malaria",1,14
"99","apoyoalagestiondelpnct","54dotaciondeinsumosysuministrosparalaejecuciondelproyecto","M4_2",1,"malaria",1,14
"100","apoyoalagestiondelpnct","55incentivosarrhhparalaejecuciondelproyecto","M4_2",1,"malaria",1,14
"101","apoyoalagestiondelpnct","56contrataciondemonitoresparaapoyoejecuciondelproyecto","M4_2",1,"malaria",1,14
"102","apoyoalagestiondelpnct","57contrataciondeasistenciatecnicaparasistemasdeinformacion","M4_2",1,"malaria",1,14
"103","apoyoalagestiondelpnct","58contratacionderrhhparaejecuciondelproyecto","M4_2",1,"malaria",1,14
"104","apoyoalagestiondelpnct","61reunionessemestralesdeanalisisyretroalimentaciondelmedelprograma","M4_2",1,"malaria",1,14
"105","apoyoalagestiondelpnct","auditoriasexternasparaevaluaciondelproyecto","M4",1,"malaria",1,17
"106","apoyoalagestiondelpnct","11segurodevehiculosyequipo","M4",1,"malaria",1,17
"107","apoyoalagestiondelpnct","12combustibleparaactividadesdegerencialesmonitoreoyevaluaciondelproyecto","M4",1,"malaria",1,17
"108","apoyoalagestiondelpnct","13mantenimientodevehiculos","M4",1,"malaria",1,17
"109","apoyoalagestiondelpnct","14mantenimientodeequipodeoficina","M4",1,"malaria",1,17
"110","apoyoalagestiondelpnct","15viaticosparavisitasdesupervisionymonitoreodelequipotecnicoyadministrativodelproyecto","M4",1,"malaria",1,17
"111","apoyoalagestiondelpnct","16compradematerialesyutilesdeoficina","M4",1,"malaria",1,17
"112","apoyoalagestiondelpnct","17gastosporcompraenviodedocumentosparqueosimpuestosyotrosgastosrelacionadosalaejecuciondelproyecto","M4",1,"malaria",1,17
"113","entornofavorable","entornofavorablegestionyadministraciondelprograma","M4_3",1,"malaria",1,8
"114","fortalecimientodelossistemasdesaludfss","fssotrosespecifiquese","M4",1,"malaria",1,17
"115","rsshfinancialmanagementsystems","publicfinancialmanagementpfmstrengthening","R5_1",1,"malaria",1,14
"116","rsshhealthmanagementinformationsystemsandme","analysisreviewandtransparency","R2_3",1,"malaria",1,49
"117","rsshcommunityresponsesandsystems","communityledadvocacy","R7_2",1,"hss",1,27
"118","rsshnationalhealthstrategies","nationalhealthstrategiesalignmentwithdiseasespecificplanshealthsectorgovernanceandfinancing","R6_1",1,"malaria",1,23
"119","rsshcommunityresponsesandsystems","communityledadvocacy","R7_2",1,"hiv/tb",1,27
"120","rsshcommunityresponsesandsystems","communityresponsesandsystems","R7",1,"hiv",1,14
"121","supportiveenvironmentprogrammanagementandadministration","all","M4_3",1,"malaria",1,8
"122","planningandadministrationcosts","all","M4",1,"malaria",1,17
"123","rsshhealthmanagementinformationsystemsandme","analysisreviewandtransparency","R2_3",1,"tb",1,49
"124","gestiondessubventions","politiquesplanificationcoordinationetgestiondesprogrammesnationauxdeluttecontrelesmaladies","M4_1",1,"malaria",1,14
"125","politiqueplanificationcoordinationetgestion","politiqueplanificationcoordinationetgestion","H9_1",1,"hiv",1,16
"126","gestionfinancicre","all","M4_2",1,"malaria",1,14
"127","supportiveenvironmentcoordinationandpartnershipdevelopmentnationalcommunitypublicprivate","all","M4_1",1,"malaria",1,14
"128","rsshcommunityresponsesandsystems","communityresponsesandsystems","R7",1,"malaria",1,14
"129","rsshprocurementandsupplychainmanagementsystems","nationalproductselectionregistrationandqualitymonitoring","R1_4",1,"hss",1,4
"130","rsshhealthmanagementinformationsystemsandme","analysisreviewandtransparency","R2_3",1,"hss",1,49
"131","paymentforresults","paymentforresults","M4_3",1,"malaria",1,8
"132","rsshintegratedservicedeliveryandqualityimprovement","integratedservicedeliveryandqualityimprovement","R4",1,"hss",1,16
"133","rsshhealthmanagementinformationsystemsandme","otherhealthinformationsystemsandmeinterventions","R2_7",1,"hiv",1,64
"134","rsshhealthmanagementinformationsystemsandme","otherhealthinformationsystemsandmeinterventions","R2_7",1,"malaria",1,64
"135","rsshhumanresourcesforhealthincludingcommunityhealthworkers","capacitybuildingforhealthworkersincludingthoseatcommunitylevel","R3_1",1,"hiv",1,37
"136","rsshhealthmanagementinformationsystemsandme","otherhealthinformationsystemsandmeinterventions","R2_7",1,"tb",1,64
"137","rsshhealthmanagementinformationsystemsandme","otherhealthinformationsystemsandmeinterventions","R2_7",1,"hss",1,64
"138","rsshprocurementandsupplychainmanagementsystems","otherprocurementandsupplychainmanagementinterventions","R1_5",1,"hiv",1,26
"139","rsshprocurementandsupplychainmanagementsystems","otherprocurementandsupplychainmanagementinterventions","R1_5",1,"malaria",1,26
"140","rsshprocurementandsupplychainmanagementsystems","otherprocurementandsupplychainmanagementinterventions","R1_5",1,"tb",1,26
"141","rsshprocurementandsupplychainmanagementsystems","otherprocurementandsupplychainmanagementinterventions","R1_5",1,"hss",1,26
"142","rsshprocurementandsupplychainmanagementsystems","otherprocurementsupplychainmanagementinterventions","R1_5",1,"hiv",1,26
"143","rsshprocurementandsupplychainmanagementsystems","otherprocurementsupplychainmanagementinterventions","R1_5",1,"malaria",1,26
"144","rsshhumanresourcesforhealthincludingcommunityhealthworkers","retentionandscaleupofhealthworkersincludingforcommunityhealthworkers","R3_2",1,"hiv",1,27
"145","rsshhumanresourcesforhealthincludingcommunityhealthworkers","otherhealthandcommunityworkforceinterventions","R3_3",1,"hiv",1,25
"146","rsshhumanresourcesforhealthincludingcommunityhealthworkers","humanresourcesforhealthincludingcommunityhealthworkers","R3",1,"malaria",1,21
"147","rsshhumanresourcesforhealthincludingcommunityhealthworkers","capacitybuildingforhealthworkersincludingthoseatcommunitylevel","R3_1",1,"malaria",1,37
"148","rsshintegratedservicedeliveryandqualityimprovement","laboratorysystemsfordiseasepreventioncontroltreatmentanddiseasesurveillance","R4_3",1,"hiv",1,49
"149","rsshintegratedservicedeliveryandqualityimprovement","laboratorysystemsfordiseasepreventioncontroltreatmentanddiseasesurveillance","R4_3",1,"malaria",1,49
"150","rsshintegratedservicedeliveryandqualityimprovement","laboratorysystemsfordiseasepreventioncontroltreatmentanddiseasesurveillance","R4_3",1,"tb",1,49
"151","rsshintegratedservicedeliveryandqualityimprovement","laboratorysystemsfordiseasepreventioncontroltreatmentanddiseasesurveillance","R4_3",1,"hss",1,49
"152","rsshintegratedservicedeliveryandqualityimprovement","otherservicedeliveryinterventions","R4_6",1,"hiv",1,17
"153","rsshintegratedservicedeliveryandqualityimprovement","otherservicedeliveryinterventions","R4_6",1,"malaria",1,17
"154","rsshfinancialmanagementsystems","financialmanagementsystems","R5",1,"malaria",1,12
"155","rsshfinancialmanagementsystems","publicfinancialmanagementstrengthening","R5_1",1,"malaria",1,14
"156","rsshfinancialmanagementsystems","routinefinancialmanagementimprovementnonpublicfinancialmanagement","R5_2",1,"malaria",1,4
"157","rsshfinancialmanagementsystems","otherfinancialmanagementinterventions","R5_3",1,"malaria",1,8
"158","rsshnationalhealthstrategies","nationalhealthstrategies","R6",1,"malaria",1,8
"159","rsshnationalhealthstrategies","otherpolicyandgovernanceinterventions","R6_2",1,"malaria",1,8
"160","rsshcommunityresponsesandsystems","communityresponsesandsystems","R7",1,"tb",1,14
"161","rsshcommunityresponsesandsystems","communityresponsesandsystems","R7",1,"hss",1,14
"162","rsshcommunityresponsesandsystems","communityresponsesandsystems","R7",1,"hiv/tb",1,14
"163","tbtreatment","mdrtb","T3_2",1,"tb",1,14
"164","healthsystemsstrengthening","servicedelivery","R4",1,"tb",1,16
"165","malsupportiveenvironment","supportiveenvironmentcoordinationandpartnershipdevelopmentnationalcommunitypublicprivate","T4_1",1,"tb",1,13
"166","hivsupportiveenvironment","supportiveenvironmentprogrammanagementandadministration","T4_3",1,"tb",1,11
"167","supportiveenvironment","supportiveenvironmentprogrammanagementandadministration","T4_3",1,"tb",1,11
"168","healthsystemsstrengthening","communitysystemsstrengthening","R7_1",1,"tb",1,27
"169","healthsystemsstrengthening","informationsystemoperationalresearch","R2_7",1,"tb",1,64
"170","healthsystemsstrengthening","supportiveenvironmentprogrammanagementandadministration","R7_4",1,"tb",1,28
"171","gestiondeprogramas","politicasplanificacioncoordinacionygestion","H9_1",1,"hiv",1,16
"172","apoyoalagestiondelpnct","52talleranualdeplanificaciondelpnctestablecimientodemetasyfirmadecompromisosporpartedelasareas","T4_2",1,"tb",1,15
"173","apoyoalagestiondelpnct","53supervisiondelnivelcentralalasareasdesaludatravesdepersonaldesupervision","T4_2",1,"tb",1,15
"174","apoyoalagestiondelpnct","54dotaciondeinsumosysuministrosparalaejecuciondelproyecto","T4_2",1,"tb",1,15
"175","apoyoalagestiondelpnct","55incentivosarrhhparalaejecuciondelproyecto","T4_2",1,"tb",1,15
"176","apoyoalagestiondelpnct","56contrataciondemonitoresparaapoyoejecuciondelproyecto","T4_2",1,"tb",1,15
"177","apoyoalagestiondelpnct","57contrataciondeasistenciatecnicaparasistemasdeinformacion","T4_2",1,"tb",1,15
"178","apoyoalagestiondelpnct","58contratacionderrhhparaejecuciondelproyecto","T4_2",1,"tb",1,15
"179","apoyoalagestiondelpnct","61reunionessemestralesdeanalisisyretroalimentaciondelmedelprograma","T4_2",1,"tb",1,15
"180","apoyoalagestiondelpnct","auditoriasexternasparaevaluaciondelproyecto","T4",1,"tb",1,13
"181","apoyoalagestiondelpnct","11segurodevehiculosyequipo","T4",1,"tb",1,13
"182","apoyoalagestiondelpnct","12combustibleparaactividadesdegerencialesmonitoreoyevaluaciondelproyecto","T4",1,"tb",1,13
"183","apoyoalagestiondelpnct","13mantenimientodevehiculos","T4",1,"tb",1,13
"184","apoyoalagestiondelpnct","14mantenimientodeequipodeoficina","T4",1,"tb",1,13
"185","apoyoalagestiondelpnct","15viaticosparavisitasdesupervisionymonitoreodelequipotecnicoyadministrativodelproyecto","T4",1,"tb",1,13
"186","apoyoalagestiondelpnct","16compradematerialesyutilesdeoficina","T4",1,"tb",1,13
"187","apoyoalagestiondelpnct","17gastosporcompraenviodedocumentosparqueosimpuestosyotrosgastosrelacionadosalaejecuciondelproyecto","T4",1,"tb",1,13
"188","entornofavorable","entornofavorablegestionyadministraciondelprograma","T4_3",1,"tb",1,11
"189","fortalecimientodelossistemasdesaludfss","fssotrosespecifiquese","T4",1,"tb",1,13
"190","rsshfinancialmanagementsystems","publicfinancialmanagementpfmstrengthening","R5_1",1,"tb",1,14
"191","rsshhealthmanagementinformationsystemsandme","programanddataquality","R2_2",1,"malaria",1,30
"192","rsshcommunityresponsesandsystems","institutionalcapacitybuildingplanningandleadershipdevelopment","R7_4",1,"hiv",1,28
"193","rsshnationalhealthstrategies","nationalhealthstrategiesalignmentwithdiseasespecificplanshealthsectorgovernanceandfinancing","R6_1",1,"tb",1,23
"194","rsshcommunityresponsesandsystems","institutionalcapacitybuildingplanningandleadershipdevelopment","R7_4",1,"malaria",1,28
"195","rsshcommunityresponsesandsystems","institutionalcapacitybuildingplanningandleadershipdevelopment","R7_4",1,"tb",1,28
"196","supportiveenvironmentprogrammanagementandadministration","all","T4_3",1,"tb",1,11
"197","planningandadministrationcosts","all","T4",1,"tb",1,13
"198","rsshhealthmanagementinformationsystemsandme","programanddataquality","R2_2",1,"tb",1,30
"199","gestiondessubventions","politiquesplanificationcoordinationetgestiondesprogrammesnationauxdeluttecontrelesmaladies","T4_1",1,"tb",1,13
"200","suivietevaluation","politiqueplanificationcoordinationetgestion","M4_1",1,"malaria",1,14
"201","gestionfinancicre","all","T4_2",1,"tb",1,15
"202","programmanagementandadministration","all","T4",1,"tb",1,13
"203","supportiveenvironmentcoordinationandpartnershipdevelopmentnationalcommunitypublicprivate","all","T4_1",1,"tb",1,13
"204","rsshcommunityresponsesandsystems","institutionalcapacitybuildingplanningandleadershipdevelopment","R7_4",1,"hss",1,28
"205","rsshprocurementandsupplychainmanagementsystems","otherprocurementsupplychainmanagementinterventions","R1_5",1,"tb",1,26
"206","rsshhealthmanagementinformationsystemsandme","programanddataquality","R2_2",1,"hss",1,30
"207","paymentforresults","paymentforresults","T4_3",1,"tb",1,11
"208","rsshintegratedservicedeliveryandqualityimprovement","otherservicedeliveryinterventions","R4_6",1,"tb",1,17
"209","rsshhealthmanagementinformationsystemsandme","routinereporting","R2_1",1,"hiv",1,53
"210","rsshhealthmanagementinformationsystemsandme","routinereporting","R2_1",1,"malaria",1,53
"211","rsshhumanresourcesforhealthincludingcommunityhealthworkers","retentionandscaleupofhealthworkersincludingforcommunityhealthworkers","R3_2",1,"malaria",1,27
"212","rsshhealthmanagementinformationsystemsandme","routinereporting","R2_1",1,"tb",1,53
"213","rsshhealthmanagementinformationsystemsandme","routinereporting","R2_1",1,"hss",1,53
"214","rsshprocurementandsupplychainmanagementsystems","otherprocurementsupplychainmanagementinterventions","R1_5",1,"hss",1,26
"215","rsshprocurementandsupplychainmanagementsystems","procurementandsupplychainmanagementsystems","R1",1,"hiv",1,22
"216","rsshprocurementandsupplychainmanagementsystems","procurementandsupplychainmanagementsystems","R1",1,"malaria",1,22
"217","rsshprocurementandsupplychainmanagementsystems","procurementandsupplychainmanagementsystems","R1",1,"tb",1,22
"218","rsshprocurementandsupplychainmanagementsystems","procurementandsupplychainmanagementsystems","R1",1,"hss",1,22
"219","rsshprocurementandsupplychainmanagementsystems","procurementstrategy","R1_2",1,"hiv",1,17
"220","rsshhumanresourcesforhealthincludingcommunityhealthworkers","humanresourcesforhealthincludingcommunityhealthworkers","R3",1,"tb",1,21
"221","rsshhumanresourcesforhealthincludingcommunityhealthworkers","capacitybuildingforhealthworkersincludingthoseatcommunitylevel","R3_1",1,"tb",1,37
"222","rsshhumanresourcesforhealthincludingcommunityhealthworkers","retentionandscaleupofhealthworkersincludingforcommunityhealthworkers","R3_2",1,"tb",1,27
"223","rsshintegratedservicedeliveryandqualityimprovement","otherservicedeliveryinterventions","R4_6",1,"hss",1,17
"224","rsshintegratedservicedeliveryandqualityimprovement","providerinitiatedfeedbackmechanisms","R4_5",1,"hiv",1,4
"225","rsshintegratedservicedeliveryandqualityimprovement","providerinitiatedfeedbackmechanisms","R4_5",1,"malaria",1,4
"226","rsshintegratedservicedeliveryandqualityimprovement","providerinitiatedfeedbackmechanisms","R4_5",1,"tb",1,4
"227","rsshintegratedservicedeliveryandqualityimprovement","providerinitiatedfeedbackmechanisms","R4_5",1,"hss",1,4
"228","rsshintegratedservicedeliveryandqualityimprovement","serviceorganizationandfacilitymanagement","R4_2",1,"hiv",1,10
"229","rsshfinancialmanagementsystems","financialmanagementsystems","R5",1,"tb",1,12
"230","rsshfinancialmanagementsystems","publicfinancialmanagementstrengthening","R5_1",1,"tb",1,14
"231","rsshfinancialmanagementsystems","routinefinancialmanagementimprovementnonpublicfinancialmanagement","R5_2",1,"tb",1,4
"232","rsshfinancialmanagementsystems","otherfinancialmanagementinterventions","R5_3",1,"tb",1,8
"233","rsshnationalhealthstrategies","nationalhealthstrategies","R6",1,"tb",1,8
"234","rsshnationalhealthstrategies","otherpolicyandgovernanceinterventions","R6_2",1,"tb",1,8
"235","rsshcommunityresponsesandsystems","institutionalcapacitybuildingplanningandleadershipdevelopment","R7_4",1,"hiv/tb",1,28
"236","rsshcommunityresponsesandsystems","othercommunityresponsesandsystemsinterventions","R7_5",1,"hiv",1,18
"237","rsshcommunityresponsesandsystems","othercommunityresponsesandsystemsinterventions","R7_5",1,"malaria",1,18
"238","healthsystemsstrengthening","servicedelivery","R4",1,"hss",1,16
"239","healthsystemsstrengthening","communitysystemsstrengthening","R7_1",1,"hss",1,27
"240","healthsystemsstrengthening","informationsystemoperationalresearch","R2_7",1,"hss",1,64
"241","healthsystemsstrengthening","supportiveenvironmentprogrammanagementandadministration","R7_4",1,"hss",1,28
"242","gestiondeprogramas","politicasplanificacioncoordinacionygestion","M4_1",1,"malaria",1,14
"243","gestiondeprogramas","politicasplanificacioncoordinacionygestion","T4_1",1,"tb",1,13
"244","rsshfinancialmanagementsystems","publicfinancialmanagementpfmstrengthening","R5_1",1,"hss",1,14
"245","rsshhealthmanagementinformationsystemsandme","surveys","R2_4",1,"hiv",1,50
"246","rsshcommunityresponsesandsystems","othercommunityresponsesandsystemsinterventions","R7_5",1,"tb",1,18
"247","rsshnationalhealthstrategies","nationalhealthstrategiesalignmentwithdiseasespecificplanshealthsectorgovernanceandfinancing","R6_1",1,"hss",1,23
"248","rsshcommunityresponsesandsystems","othercommunityresponsesandsystemsinterventions","R7_5",1,"hss",1,18
"249","rsshcommunityresponsesandsystems","othercommunityresponsesandsystemsinterventions","R7_5",1,"hiv/tb",1,18
"250","rsshhealthmanagementinformationsystemsandme","surveys","R2_4",1,"malaria",1,50
"251","tbhealthsystemsstrengthening","supportiveenvironmentprogrammanagementandadministration","T4_1",1,"tb",1,13
"252","rsshcommunityresponsesandsystems","otherothercommunityresponsesandsystemsinterventions","R7_5",1,"hiv",1,18
"253","rsshprocurementandsupplychainmanagementsystems","procurementstrategy","R1_2",1,"malaria",1,17
"254","rsshhealthmanagementinformationsystemsandme","surveys","R2_4",1,"tb",1,50
"255","rsshintegratedservicedeliveryandqualityimprovement","serviceorganizationandfacilitymanagement","R4_2",1,"malaria",1,10
"256","rsshhealthmanagementinformationsystemsandme","surveys","R2_4",1,"hss",1,50
"257","rsshhealthmanagementinformationsystemsandme","vitalregistrationsystem","R2_6",1,"malaria",1,20
"258","rsshhealthmanagementinformationsystemsandme","vitalregistrationsystem","R2_6",1,"tb",1,20
"259","rsshhealthmanagementinformationsystemsandme","vitalregistrationsystem","R2_6",1,"hss",1,20
"260","rsshprocurementandsupplychainmanagementsystems","procurementstrategy","R1_2",1,"tb",1,17
"261","rsshprocurementandsupplychainmanagementsystems","procurementstrategy","R1_2",1,"hss",1,17
"262","rsshprocurementandsupplychainmanagementsystems","supplychaininfrastructureanddevelopmentoftools","R1_3",1,"hiv",1,24
"263","rsshprocurementandsupplychainmanagementsystems","supplychaininfrastructureanddevelopmentoftools","R1_3",1,"malaria",1,24
"264","rsshprocurementandsupplychainmanagementsystems","supplychaininfrastructureanddevelopmentoftools","R1_3",1,"tb",1,24
"265","rsshprocurementandsupplychainmanagementsystems","supplychaininfrastructureanddevelopmentoftools","R1_3",1,"hss",1,24
"266","rsshhumanresourcesforhealthincludingcommunityhealthworkers","humanresourcesforhealthincludingcommunityhealthworkers","R3",1,"hss",1,21
"267","rsshhumanresourcesforhealthincludingcommunityhealthworkers","capacitybuildingforhealthworkersincludingthoseatcommunitylevel","R3_1",1,"hss",1,37
"268","rsshhumanresourcesforhealthincludingcommunityhealthworkers","retentionandscaleupofhealthworkersincludingforcommunityhealthworkers","R3_2",1,"hss",1,27
"269","rsshintegratedservicedeliveryandqualityimprovement","serviceorganizationandfacilitymanagement","R4_2",1,"tb",1,10
"270","rsshintegratedservicedeliveryandqualityimprovement","serviceorganizationandfacilitymanagement","R4_2",1,"hss",1,10
"271","rsshintegratedservicedeliveryandqualityimprovement","supportivepolicyandprogrammaticenvironment","R4_1",1,"hiv",1,9
"272","rsshintegratedservicedeliveryandqualityimprovement","supportivepolicyandprogrammaticenvironment","R4_1",1,"malaria",1,9
"273","rsshintegratedservicedeliveryandqualityimprovement","supportivepolicyandprogrammaticenvironment","R4_1",1,"tb",1,9
"274","rsshintegratedservicedeliveryandqualityimprovement","supportivepolicyandprogrammaticenvironment","R4_1",1,"hss",1,9
"275","rsshfinancialmanagementsystems","financialmanagementsystems","R5",1,"hss",1,12
"276","rsshfinancialmanagementsystems","publicfinancialmanagementstrengthening","R5_1",1,"hss",1,14
"277","rsshfinancialmanagementsystems","routinefinancialmanagementimprovementnonpublicfinancialmanagement","R5_2",1,"hss",1,4
"278","rsshfinancialmanagementsystems","otherfinancialmanagementinterventions","R5_3",1,"hss",1,8
"279","rsshnationalhealthstrategies","nationalhealthstrategies","R6",1,"hss",1,8
"280","rsshnationalhealthstrategies","otherpolicyandgovernanceinterventions","R6_2",1,"hss",1,8
"281","rsshcommunityresponsesandsystems","otherothercommunityresponsesandsystemsinterventions","R7_5",1,"malaria",1,18
"282","rsshcommunityresponsesandsystems","otherothercommunityresponsesandsystemsinterventions","R7_5",1,"tb",1,18
"283","rsshcommunityresponsesandsystems","otherothercommunityresponsesandsystemsinterventions","R7_5",1,"hss",1,18
"284","programmanagement","programmanagement","M4",1,"malaria",1,17
"285","malsupportiveenvironment","coordinationandpartnershipdevelopmentnationalcommunitypublicprivate","M4_1",1,"malaria",1,14
"286","unspecified","rsssuivietevaluationanalyseexamenettransparence","R2_3",1,"malaria",1,49
"287","unspecified","rsssuivietevaluationcommunicationregulicredelinformation","R2_1",1,"malaria",1,53
"288","unspecified","rsssuivietevaluationenquete","R2_4",1,"malaria",1,50
"289","unspecified","gestiondeprogrammegestiondesubvention","M4_2",1,"malaria",1,14
"290","unspecified","gestiondeprogrammepolitiqueplanificationcoordinationetgestion","M4_1",1,"malaria",1,14
"291","unspecified","priseenchargepreparationetriposteauxepidemies","M2_2",1,"malaria",1,4
"292","unspecified","priseenchargetraitementenmilieuhospitalier","M2_1",1,"malaria",1,12
"293","unspecified","traitementantiretroviralarvetsuivi","H6_2",1,"hiv",1,23
"294","unspecified","performancetransparenceetobligationredditionnelledessystcmesdegestionfinancicrepublicsdanslesecteurdelasante","R5_1",1,"hiv",1,14
"295","unspecified","gestiondelasubvention","H9_2",1,"hiv",1,19
"296","unspecified","enquetes","R2_4",1,"hiv",1,50
"297","unspecified","analyseexamenettransparence","R2_3",1,"hiv",1,49
"298","unspecified","gestiondeprogrammepolitiqueplanificationcoordinationetgestion","T4_1",1,"tb",1,13
"299","unspecified","suivietevaluationenquete","R2_4",1,"tb",1,50
"300","unspecified","suivietevaluationanalyseexamenettransparence","R2_3",1,"tb",1,49
"301","unspecified","suivietevaluationcommunicationregulicredelinformation","R2_1",1,"tb",1,53
"302","unspecified","gestionfinancicreperformancetransparenceetobligationredditionnelledessystcmesdegestionfinancicrepublicsdanslesecteurdelasante","R5_1",1,"tb",1,14
"303","unspecified","tuberculosemultiresistantetraitementtuberculosemultiresistante","T3_2",1,"tb",1,14
"304","unspecified","tuberculosemultiresistantedepistageetdiagnosticdesmaladiestuberculosemultiresistante","T3_1",1,"tb",1,13
"305","unspecified","tuberculosevihimplicationdetouslesprestatairesdesoins","T2_2",1,"tb",1,6
"306","unspecified","tuberculosevihinterventionsconcerteesdeluttecontrelatuberculoseetlevih","T2_1",1,"tb",1,16
"307","unspecified","priseenchargeetpreventiondelatuberculoseimplicationdetouslesprestatairesdesoins","T1_4",1,"tb",1,14
"308","unspecified","priseenchargeetpreventiondelatuberculosedepistageetdiagnosticdesmaladies","T1_1",1,"tb",1,14
"309","coutdegestionetdadministrationduprogramme","all","H9_2",1,"hiv",1,19
"310","healthsystemsstrengthening","humanresources","R3",1,"hss",1,21
"311","malsupportiveenvironment","operationalresearch","M4",1,"malaria",1,17
"312","malsupportiveenvironment","planningandadministrationcosts","M4_3",1,"malaria",1,8
"313","rsshhealthmanagementinformationsystemsandme","programanddataquality","R2_2",1,"hiv",1,30
"314","rsshhealthmanagementinformationsystemsandme","analysisreviewandtransparency","R2_3",1,"hiv/tb",1,49
"315","rsshcommunityresponsesandsystems","otherothercommunityresponsesandsystemsinterventions","R7_5",1,"hiv/tb",1,18
"316","rsshcommunityresponsesandsystems","socialmobilizationbuildingcommunitylinkagescollaborationandcoordination","R7_3",1,"hiv",1,33
"317","rsshcommunityresponsesandsystems","socialmobilizationbuildingcommunitylinkagescollaborationandcoordination","R7_3",1,"malaria",1,33
"318","rsshcommunityresponsesandsystems","socialmobilizationbuildingcommunitylinkagescollaborationandcoordination","R7_3",1,"tb",1,33
"319","rsshcommunityresponsesandsystems","socialmobilizationbuildingcommunitylinkagescollaborationandcoordination","R7_3",1,"hss",1,33
"320","rsshcommunityresponsesandsystems","socialmobilizationbuildingcommunitylinkagescollaborationandcoordination","R7_3",1,"hiv/tb",1,33
"321","rsshcommunityresponsesandsystems","communitybasedmonitoring","R7_1",1,"hiv/tb",1,27
"322","gestiondessubventions","politiquesplanificationcoordinationetgestiondesprogrammesnationauxdeluttecontrelesmaladies","H9_1",1,"hiv/tb",1,16
"323","preventiondelatransmissiondelamcreslenfantptme","volet3preventiondelatransmissionverticaleduvih","H5_3",1,"hiv/tb",1,10
"324","suivietevaluation","politiqueplanificationcoordinationetgestion","T4_1",1,"tb",1,13
"325","unspecified","changementdecomportementdanslecadredesprogrammesdestinesauxhommesayantdesrapportssexuelsavecdeshommesetauxtransgenres","H2_3",0.5,"hiv",1,16
"326","unspecified","changementdecomportementdanslecadredesprogrammesdestinesauxhommesayantdesrapportssexuelsavecdeshommesetauxtransgenres","H2_37",0.5,"hiv",1,14
"327","unspecified","communicationregulicredelinformation","H9_3",1,"hiv",1,15
"328","unspecified","depistageduvihetconseildanslecadredesprogrammesdestinesauxhommesayantdesrapportssexuelsavecdeshommesetauxtransgenres","H2_7",0.5,"hiv",1,15
"329","unspecified","depistageduvihetconseildanslecadredesprogrammesdestinesauxhommesayantdesrapportssexuelsavecdeshommesetauxtransgenres","H2_41",0.5,"hiv",1,14
"330","unspecified","depistageduvihetconseildanslecadredesprogrammesdestinesauxprofessionnelsdusexeetsleursclients","H2_18",1,"hiv",1,9
"331","unspecified","politiqueplanificationcoordinationetgestion","H9_1",1,"hiv",1,16
"332","unspecified","volet3preventiondelatransmissionverticaleduvih","H5_3",1,"hiv",1,10
"333","tbhiv","communitytbcaredelivery","T3_5",1,"hiv/tb",1,9
"334","comprehensivepreventionprogramsfortransgenderpeople","condomsandlubricantprogrammingfortransgenderpeople","H2_38",1,"hiv/tb",1,10
"335","comprehensivepreventionprogramsfortransgenderpeople","hivtestingservicesfortransgenderpeople","H2_41",1,"hiv/tb",1,14
"336","comprehensivepreventionprogramsfortransgenderpeople","interventionsforyoungtransgenderpeople","H2_44",1,"hiv/tb",1,3
"337","pmtct","prong4treatmentcareandsupporttomotherslivingwithhivtheirchildrenandfamilies","H5_4",1,"hiv/tb",1,13
"338","tbcareandprevention","treatment","T1_2",1,"hiv/tb",1,20
"339","treatmentcareandsupport","counselingandpsychosocialsupport","H6_7",1,"hiv/tb",1,11
"340","treatmentcareandsupport","differentiatedartservicedelivery","H6_2",1,"hiv/tb",1,23
"341","treatmentcareandsupport","hivcare","H6_1",1,"hiv/tb",1,9
"342","treatmentcareandsupport","preventiondiagnosisandtreatmentofopportunisticinfections","H6_6",1,"hiv/tb",1,11
"343","hssinformationsystems","all","R2",1,"malaria",1,43
"344","hssinformationsystems","all","R2",1,"hiv",1,43
"345","hssinformationsystems","all","R2",1,"hiv/tb",1,43
"346","hssinformationsystems","all","R2",1,"tb",1,43
"347","hssinformationsystems","all","R2",1,"hss",1,43
"348","na","na","M99",1,"malaria",1,4
