,dps,health_zone,province_shp,zs_id,hz_shp1,hz_shp2,dps_snis,hz_snis,hz_pnlp,dps_pnlp,hz_snis_cleaned,hz_pnlt,other_names,dps_sv,hz_sv
1,NA,lukashi-lualu,Kasai Oriental,91,Lukashi lualu,NA,NA,NA,NA,NA,NA,NA,,NA,NA
2,NA,mbomomange,Province Oriental,225,Mbomomange,NA,NA,NA,NA,NA,NA,NA,,NA,NA
3,0,bambu,Province Oriental,182,Bambu,Bambu-Mines,NA,NA,bambu,0,NA,bambu,,NA,NA
4,0,manguredj,NA,NA,NA,NA,NA,NA,manguredj,0,NA,NA,,NA,NA
5,bas-uele,aketi,Province Oriental,388,Aketi,Aketi,bu Bas Uele Province,bu Aketi Zone de Santé,aketi,bas-uele,aketi,aketi,,bu Bas Uele,bu Aketi
6,bas-uele,ango,Province Oriental,438,Ango,Ango,bu Bas Uele Province,bu Ango Zone de Santé,ango,bas-uele,ango,ango,,bu Bas Uele,bu Ango
7,bas-uele,bili,Equateur,431,Bili,Bili,bu Bas Uele Province,bu Bili Zone de Santé,bili,bas-uele,bili,bili,,bu Bas Uele,bu Bili
8,bas-uele,bili,Province Oriental,437,Bili,Bili,bu Bas Uele Province,bu Bili Zone de Santé,bili,bas-uele,bili,bili,,bu Bas Uele,bu Bili
9,bas-uele,bondo,Province Oriental,436,Bondo,Bondo,bu Bas Uele Province,bu Bondo Zone de Santé,bondo,bas-uele,bondo,bondo,,bu Bas Uele,bu Bondo
10,bas-uele,buta,Province Oriental,216,Buta,Buta,bu Bas Uele Province,bu Buta Zone de Santé,buta,bas-uele,buta,buta,,bu Bas Uele,bu Buta
11,bas-uele,ganga,Province Oriental,218,Ganga,NA,bu Bas Uele Province,bu Ganga Zone de Santé,ganga,bas-uele,ganga,ganga,dingila,bu Bas Uele,bu Ganga
12,bas-uele,likati,Province Oriental,387,Likati,Likati,bu Bas Uele Province,bu Likati Zone de Santé,likati,bas-uele,likati,likati,,bu Bas Uele,bu Likati
13,bas-uele,monga,Province Oriental,435,Monga,Monga,bu Bas Uele Province,bu Monga Zone de Santé,monga,bas-uele,monga,monga,,bu Bas Uele,bu Monga
14,bas-uele,poko,Province Oriental,191,Poko,Poko,bu Bas Uele Province,bu Poko Zone de Santé,poko,bas-uele,poko,poko,,bu Bas Uele,bu Poko
15,bas-uele,titule,Province Oriental,217,Titule,Titule,bu Bas Uele Province,bu Titule Zone de Santé,titule,bas-uele,titule,titule,,bu Bas Uele,bu Titule
16,bas-uele,viandana,Province Oriental,190,Viandana,Viadana,bu Bas Uele Province,bu Viadana Zone de Santé,viadana,bas-uele,viadana,viadana,,bu Bas Uele,bu Viadana
17,equateur,basankusu,Equateur,5,Basankusu,Basankusu,eq Equateur Province,eq Basankusu Zone de Santé,basankusu,equateur,basankusu,basankusu,,eq Equateur,eq Basankusu
18,equateur,bikoro,Equateur,422,Bikoro,Bikoro,eq Equateur Province,eq Bikoro Zone de Santé,bikoro,equateur,bikoro,bikoro,,eq Equateur,eq Bikoro
19,equateur,bolomba,Equateur,302,Bolomba,Bolomba,eq Equateur Province,eq Bolomba Zone de Santé,bolomba,equateur,bolomba,bolomba,,eq Equateur,eq Bolomba
20,equateur,bolonge,Equateur,231,Bolonge,Bolenge,eq Equateur Province,eq Bolenge Zone de Santé,bolenge,equateur,bolenge,bolenge,,eq Equateur,eq Bolenge
21,equateur,bomongo,Equateur,425,Bomongo,Bomongo,eq Equateur Province,eq Bomongo Zone de Santé,bomongo,equateur,bomongo,bomongo,,eq Equateur,eq Bomongo
22,equateur,djombo,Equateur,2,Djombo,Djombo,eq Equateur Province,eq Djombo Zone de Santé,djombo,equateur,djombo,djombo,,eq Equateur,eq Djombo
23,equateur,iboko,Equateur,297,Iboko,Iboko,eq Equateur Province,eq Iboko Zone de Santé,iboko,equateur,iboko,iboko,,eq Equateur,eq Iboko
24,equateur,ingende,Equateur,298,Ingende,Ingende,eq Equateur Province,eq Ingende Zone de Santé,ingende,equateur,ingende,ingende,,eq Equateur,eq Ingende
25,equateur,irebu,Equateur,421,Irebu,Irebu,eq Equateur Province,eq Irebu Zone de Santé,irebu,equateur,irebu,irebu,,eq Equateur,eq Irebu
26,equateur,lilanga-bobangi,Equateur,426,lilanga Bobangi,Lilanga Bobanga,eq Equateur Province,eq Lilanga Bobangi Zone de Santé,lilanga bobanga,equateur,lilanga-bobangi,lilanga bobangi,,eq Equateur,eq Lilanga Bobangi
27,equateur,lotumbe,Equateur,301,Lotumbe,Lotumbe,eq Equateur Province,eq Lotumbe Zone de Santé,lotumbe,equateur,lotumbe,lotumbe,,eq Equateur,eq Lotumbe
28,equateur,lukolela,Equateur,423,Lukolela,Lukolela,eq Equateur Province,eq Lukolela Zone de Santé,lukolela,equateur,lukolela,lukolela,,eq Equateur,eq Lukolela
29,equateur,mampoko,Equateur,295,Mampoko,Lolanga Mampoko,eq Equateur Province,eq Mampoko Zone de Santé,lolanga mampoko,equateur,mampoko,lolanga mampoko,,eq Equateur,eq Mampoko
30,equateur,mankanza,Equateur,313,Mankanza,Makanza,eq Equateur Province,eq Makanza Zone de Santé,makanza,equateur,makanza,mankanza,,eq Equateur,eq Makanza
31,equateur,mbandaka,Equateur,299,Mbandaka,Mbandaka,eq Equateur Province,eq Mbandaka Zone de Santé,mbandaka,equateur,mbandaka,mbandaka,,eq Equateur,eq Mbandaka
32,equateur,monika,Equateur,300,Monika,Monieka,eq Equateur Province,eq Monieka Zone de Santé,monieka,equateur,monieka,monieka,,eq Equateur,eq Monieka
33,equateur,ntondo,Equateur,296,Ntondo,Ntondo,eq Equateur Province,eq Ntondo Zone de Santé,ntondo,equateur,ntondo,ntondo,,eq Equateur,eq Ntondo
34,equateur,wangata,Equateur,230,Wangata,Wangata,eq Equateur Province,eq Wangata Zone de Santé,wangata,equateur,wangata,NA,,eq Equateur,eq Wangata
35,haut-katanga,kafubu,Katanga,483,Kafubu,Kafubu,hk Haut Katanga Province,hk Kafubu Zone de Santé,kafubu,haut-katanga,kafubu,kafubu,,hk Haut Katanga,hk Kafubu
36,haut-katanga,kamalondo,NA,516,ZS Kamalondo,NA,hk Haut Katanga Province,hk Kamalondo Zone de Santé,kamalondo,haut-katanga,kamalondo,kamalondo,,hk Haut Katanga,hk Kamalondo
37,haut-katanga,kambove,Katanga,112,Kambove,Kambove,hk Haut Katanga Province,hk Kambove Zone de Santé,kambove,haut-katanga,kambove,kambove,,hk Haut Katanga,hk Kambove
38,haut-katanga,kampemba,Haut Katanga,512,Kampemba,NA,hk Haut Katanga Province,hk Kampemba Zone de Santé,kampemba,haut-katanga,kampemba,kampemba,,hk Haut Katanga,hk Kampemba
39,haut-katanga,kapolobwe,Katanga,351,Kapolobwe,Kapolowe,hk Haut Katanga Province,hk Kapolowe Zone de Santé,kapolowe,haut-katanga,kapolowe,kapolowe,,hk Haut Katanga,hk Kapolowe
40,haut-katanga,kasenga,Katanga,446,Kasenga,Kasenga,hk Haut Katanga Province,hk Kasenga Zone de Santé,kasenga,haut-katanga,kasenga,kasenga,,hk Haut Katanga,hk Kasenga
41,haut-katanga,kashobwe,NA,NA,NA,NA,hk Haut Katanga Province,hk Kashobwe Zone de Santé,kashobwe,haut-katanga,kashobwe,kashobwe,,hk Haut Katanga,hk Kashobwe
42,haut-katanga,katuba,Haut Katanga,507,Katuba,NA,hk Haut Katanga Province,hk Katuba Zone de Santé,katuba,haut-katanga,katuba,katuba,,hk Haut Katanga,hk Katuba
43,haut-katanga,kenya,Haut Katanga,508,Kenya,NA,hk Haut Katanga Province,hk Kenya Zone de Santé,kenya,haut-katanga,kenya,kenya,,hk Haut Katanga,hk Kenya
44,haut-katanga,kikula,Katanga,350,Kikula,Kikula,hk Haut Katanga Province,hk Kikula Zone de Santé,kikula,haut-katanga,kikula,kikula,,hk Haut Katanga,hk Kikula
45,haut-katanga,kilela-balanda,Katanga,484,Kilela Balanda,Kilela Balanda,hk Haut Katanga Province,hk Kilela Balanda Zone de Santé,kilela balanda,haut-katanga,kilela-balanda,kilela-balan,,hk Haut Katanga,hk Kilela Balanda
46,haut-katanga,kilwa,Katanga,345,Kilwa,Kilwa,hk Haut Katanga Province,hk Kilwa Zone de Santé,kilwa,haut-katanga,kilwa,kilwa,,hk Haut Katanga,hk Kilwa
47,haut-katanga,kipushi,Katanga,481,Kipushi,Kipushi,hk Haut Katanga Province,hk Kipushi Zone de Santé,kipushi,haut-katanga,kipushi,kipushi,,hk Haut Katanga,hk Kipushi
48,haut-katanga,kisanga,Haut Katanga,514,Kisanga,NA,hk Haut Katanga Province,hk Kisanga Zone de Santé,kisanga,haut-katanga,kisanga,kisanga,,hk Haut Katanga,hk Kisanga
49,haut-katanga,kowe,Katanga,494,Kowe,Kowe,hk Haut Katanga Province,hk Kowe Zone de Santé,kowe,haut-katanga,kowe,kowe,,hk Haut Katanga,hk Kowe
50,haut-katanga,likasi,Katanga,352,Likasi,Likasi,hk Haut Katanga Province,hk Likasi Zone de Santé,likasi,haut-katanga,likasi,likasi,,hk Haut Katanga,hk Likasi
51,haut-katanga,lubumbashi,Haut Katanga,510,Lubumbashi,NA,hk Haut Katanga Province,hk Lubumbashi Zone de Santé,lubumbashi,haut-katanga,lubumbashi,lubumbashi,,hk Haut Katanga,hk Lubumbashi
52,haut-katanga,lukafu,Katanga,343,Lukafu,Lukafu,hk Haut Katanga Province,hk Lukafu Zone de Santé,lukafu,haut-katanga,lukafu,lukafu,,hk Haut Katanga,hk Lukafu
53,haut-katanga,mitwaba,Katanga,347,Mitwaba,Mitwaba,hk Haut Katanga Province,hk Mitwaba Zone de Santé,mitwaba,haut-katanga,mitwaba,mitwaba,,hk Haut Katanga,hk Mitwaba
54,haut-katanga,mufunga-sampwe,Katanga,344,Mufunga Sampwe,Mufunga-Sampwe,hk Haut Katanga Province,hk Mufunga Sampwe Zone de Santé,mufunga sampwe,haut-katanga,mufunga-sampwe,mufunga-s,,hk Haut Katanga,hk Mufunga Sampwe
55,haut-katanga,mumbunda,Haut Katanga,509,Mumbunda,NA,hk Haut Katanga Province,hk Mumbunda Zone de Santé,mumbunda,haut-katanga,mumbunda,mumbunda,,hk Haut Katanga,hk Mumbunda
56,haut-katanga,panda,Katanga,353,Panda,Panda,hk Haut Katanga Province,hk Panda Zone de Santé,panda,haut-katanga,panda,panda,,hk Haut Katanga,hk Panda
57,haut-katanga,pweto,Katanga,340,Pweto,Pweto,hk Haut Katanga Province,hk Pweto Zone de Santé,pweto,haut-katanga,pweto,pweto,,hk Haut Katanga,hk Pweto
58,haut-katanga,ruashi,Haut Katanga,513,Ruashi,NA,hk Haut Katanga Province,hk Ruashi Zone de Santé,rwashi,haut-katanga,ruashi,ruashi,,hk Haut Katanga,hk Ruashi
59,haut-katanga,sakania,Katanga,482,Sakania,Sakania,hk Haut Katanga Province,hk Sakania Zone de Santé,sakanya,haut-katanga,sakania,sakania,,hk Haut Katanga,hk Sakania
60,haut-katanga,tshamilemba,Haut Katanga,511,Tshamilemba,NA,hk Haut Katanga Province,hk Tshamilemba Zone de Santé,tshamilemba,haut-katanga,tshamilemba,tshamilemba,,hk Haut Katanga,hk Tshamilemba
61,haut-katanga,tshamilemba,Haut Katanga,515,Tshamilemba,NA,hk Haut Katanga Province,hk Tshamilemba Zone de Santé,tshamilemba,haut-katanga,tshamilemba,tshamilemba,,hk Haut Katanga,hk Tshamilemba
62,haut-katanga,vangu,Katanga,493,Vangu,Vangu,hk Haut Katanga Province,hk Vangu Zone de Santé,vangu,haut-katanga,vangu,vangu,,hk Haut Katanga,hk Vangu
63,haut-lomami,bukama,Katanga,470,Bukama,Bukama,hl Haut Lomami Province,hl Bukama Zone de Santé,bukama,haut-lomami,bukama,bukama,,hl Haut Lomami,hl Bukama
64,haut-lomami,butumba,Katanga,341,Butumba,Butumba,hl Haut Lomami Province,hl Butumba Zone de Santé,butumba,haut-lomami,butumba,butumba,,hl Haut Lomami,hl Butumba
65,haut-lomami,kabondo-dianda,Katanga,471,Kabondo Dianda,Kabondo-dianda,hl Haut Lomami Province,hl Kabondo Dianda Zone de Santé,kabond dianda,haut-lomami,kabondo-dianda,kabondo dianda,,hl Haut Lomami,hl Kabondo Dianda
66,haut-lomami,kabongo,Katanga,472,Kabongo,Kabongo,hl Haut Lomami Province,hl Kabongo Zone de Santé,kabongo,haut-lomami,kabongo,kabongo,,hl Haut Lomami,hl Kabongo
67,haut-lomami,kamina,Katanga,346,Kamina,Kamina,hl Haut Lomami Province,hl Kamina Zone de Santé,kamina,haut-lomami,kamina,kamina,,hl Haut Lomami,hl Kamina
68,haut-lomami,kamina-base,Katanga,495,Kamina Base,Baka,hl Haut Lomami Province,hl Baka Zone de Santé,baka,haut-lomami,baka,baka,,hl Haut Lomami,hl Baka
69,haut-lomami,kaniama,Katanga,337,Kaniama,Kaniama,hl Haut Lomami Province,hl Kaniama Zone de Santé,kanyama,haut-lomami,kaniama,kaniama,,hl Haut Lomami,hl Kaniama
70,haut-lomami,kayamba,Katanga,474,Kayamba,Kayamba,hl Haut Lomami Province,hl Kayamba Zone de Santé,kayamba,haut-lomami,kayamba,kayamba,,hl Haut Lomami,hl Kayamba
71,haut-lomami,kinda,Katanga,490,Kinda,Kinda,hl Haut Lomami Province,hl Kinda Zone de Santé,kinda,haut-lomami,kinda,kinda,,hl Haut Lomami,hl Kinda
72,haut-lomami,kinkonja,Katanga,342,Kinkonja,Kinkondja,hl Haut Lomami Province,hl Kinkondja Zone de Santé,kinkondja,haut-lomami,kinkondja,kinkondja,,hl Haut Lomami,hl Kinkondja
73,haut-lomami,kitenge,Katanga,475,Kitenge,Kitenge,hl Haut Lomami Province,hl Kitenge Zone de Santé,kitenge,haut-lomami,kitenge,kitenge,,hl Haut Lomami,hl Kitenge
74,haut-lomami,lwamba,Katanga,478,Lwamba,Lwamba,hl Haut Lomami Province,hl Lwamba Zone de Santé,lwamba,haut-lomami,lwamba,lwamba,,hl Haut Lomami,hl Lwamba
75,haut-lomami,malemba-nkulu,Katanga,480,Malemba Nkulu,Malemba-Nkulu,hl Haut Lomami Province,hl Malemba Nkulu Zone de Santé,malemba nkulu,haut-lomami,malemba-nkulu,malemba,,hl Haut Lomami,hl Malemba Nkulu
76,haut-lomami,mukanga,Katanga,479,Mukanga,Mukanga,hl Haut Lomami Province,hl Mukanga Zone de Santé,mukanga,haut-lomami,mukanga,mukanga,,hl Haut Lomami,hl Mukanga
77,haut-lomami,mulongo,Katanga,477,Mulongo,Mulongo,hl Haut Lomami Province,hl Mulongo Zone de Santé,mulongo,haut-lomami,mulongo,mulongo,,hl Haut Lomami,hl Mulongo
78,haut-lomami,songa,Katanga,473,Songa,Songa,hl Haut Lomami Province,hl Songa Zone de Santé,songa,haut-lomami,songa,songa,,hl Haut Lomami,hl Songa
79,haut-uele,aba,Province Oriental,442,Aba,Aba,hu Haut Uele Province,hu Aba Zone de Santé,aba,haut-uele,aba,aba,,hu Haut Uele,hu Aba
80,haut-uele,boma-mangbetu,NA,NA,NA,NA,hu Haut Uele Province,hu Boma Mangbetu Zone de Santé,boma mangbetu,haut-uele,boma-mangbetu,boma mangbetu,,hu Haut Uele,hu Boma Mangbetu
81,haut-uele,doruma,Province Oriental,439,Doruma,Doruma,hu Haut Uele Province,hu Doruma Zone de Santé,doruma,haut-uele,doruma,doruma,,hu Haut Uele,hu Doruma
82,haut-uele,dungu,Province Oriental,440,Dungu,Dungu,hu Haut Uele Province,hu Dungu Zone de Santé,dungu,haut-uele,dungu,dungu,,hu Haut Uele,hu Dungu
83,haut-uele,faradje,Province Oriental,441,Faradje,Faradje,hu Haut Uele Province,hu Faradje Zone de Santé,faradje,haut-uele,faradje,faradje,,hu Haut Uele,hu Faradje
84,haut-uele,gombari,Province Oriental,224,Gombari,Gombari,hu Haut Uele Province,hu Gombari Zone de Santé,gombari,haut-uele,gombari,gombari,,hu Haut Uele,hu Gombari
85,haut-uele,isiro,Province Oriental,212,Isiro,Isiro,hu Haut Uele Province,hu Isiro Zone de Santé,isiro,haut-uele,isiro,isiro,,hu Haut Uele,hu Isiro
86,haut-uele,makoro,Province Oriental,443,Makoro,Makoro,hu Haut Uele Province,hu Makoro Zone de Santé,makoro,haut-uele,makoro,makoro,,hu Haut Uele,hu Makoro
87,haut-uele,niangara,Province Oriental,188,Niangara,Niangara,hu Haut Uele Province,hu Niangara Zone de Santé,niangara,haut-uele,niangara,niangara,,hu Haut Uele,hu Niangara
88,haut-uele,pawa,Province Oriental,167,Pawa,Pawa,hu Haut Uele Province,hu Pawa Zone de Santé,pawa,haut-uele,pawa,pawa,,hu Haut Uele,hu Pawa
89,haut-uele,rungu,Province Oriental,189,Rungu,Rungu,hu Haut Uele Province,hu Rungu Zone de Santé,rungu,haut-uele,rungu,rungu,,hu Haut Uele,hu Rungu
90,haut-uele,wamba,Province Oriental,227,Wamba,Wamba,hu Haut Uele Province,hu Wamba Zone de Santé,wamba,haut-uele,wamba,wamba,,hu Haut Uele,hu Wamba
91,haut-uele,watsa,Province Oriental,282,Watsa,Watsa,hu Haut Uele Province,hu Watsa Zone de Santé,watsa,haut-uele,watsa,watsa,,hu Haut Uele,hu Watsa
92,ituri,adi,Province Oriental,445,Adi,Adi,it Ituri Province,it Adi Zone de Santé,adi,ituri,adi,adi,,it Ituri,it Adi
93,ituri,adia,Province Oriental,221,Adia,Adja,it Ituri Province,it Adja Zone de Santé,adja,ituri,adja,adja,,it Ituri,it Adja
94,ituri,angumu,Province Oriental,279,Angumu,Angumu,it Ituri Province,it Angumu Zone de Santé,angumu,ituri,angumu,angumu,,it Ituri,it Angumu
95,ituri,ariwara,Province Oriental,219,Ariwara,Ariwara,it Ituri Province,it Ariwara Zone de Santé,ariwara,ituri,ariwara,ariwara,,it Ituri,it Ariwara
96,ituri,aru,Province Oriental,220,Aru,Aru,it Ituri Province,it Aru Zone de Santé,aru,ituri,aru,aru,,it Ituri,it Aru
97,ituri,aungba,Province Oriental,223,Aungba,Aungba,it Ituri Province,it Aungba Zone de Santé,aungba,ituri,aungba,aungba,,it Ituri,it Aungba
98,ituri,bambu,Province Oriental,182,Bambu,Bambu-Mines,it Ituri Province,it Bambu Zone de Santé,bambu,ituri,bambu,bambu,,it Ituri,it Bambu
99,ituri,biringi,Province Oriental,222,Biringi,Biringi,it Ituri Province,it Biringi Zone de Santé,biringi,ituri,biringi,biringi,,it Ituri,it Biringi
100,ituri,boga,Province Oriental,186,Boga,Boga,it Ituri Province,it Boga Zone de Santé,boga,ituri,boga,boga,,it Ituri,it Boga
101,ituri,bunia,Province Oriental,172,Bunia,Bunia,it Ituri Province,it Bunia Zone de Santé,bunia,ituri,bunia,bunia,,it Ituri,it Bunia
102,ituri,damasi,Province Oriental,179,Damasi,Damas,it Ituri Province,it Damas Zone de Santé,damas,ituri,damas,damas,,it Ituri,it Damas
103,ituri,drodro,Province Oriental,175,Drodro,Drodro,it Ituri Province,it Drodro Zone de Santé,drodro,ituri,drodro,drodro,,it Ituri,it Drodro
104,ituri,fataki,Province Oriental,184,Fataki,Fataki,it Ituri Province,it Fataki Zone de Santé,fataki,ituri,fataki,fataki,,it Ituri,it Fataki
105,ituri,gethy,Province Oriental,187,Gethy,Ghety,it Ituri Province,it Gety Zone de Santé,gethy,ituri,gety,gety,,it Ituri,it Gety
106,ituri,jiba,Province Oriental,176,Jiba,Jiba,it Ituri Province,it Jiba Zone de Santé,jiba,ituri,jiba,NA,,it Ituri,it Jiba
107,ituri,kambala,Province Oriental,278,Kambala,Komanda,it Ituri Province,it Kambala Zone de Santé,kambala,ituri,kambala,kambala,,it Ituri,it Kambala
108,ituri,kambala,Province Oriental,278,Kambala,Komanda,it Ituri Province,it Kambala Zone de Santé,kambala,ituri,kambala,komanda,,it Ituri,it Kambala
109,ituri,kilo,Province Oriental,229,Kilo,Kilo,it Ituri Province,it Kilo Zone de Santé,kilo,ituri,kilo,kilo,,it Ituri,it Kilo
110,ituri,komanda,Province Oriental,170,Komanda,Kambala,it Ituri Province,it Komanda Zone de Santé,komanda,ituri,komanda,kambala,,it Ituri,it Komanda
111,ituri,komanda,Province Oriental,170,Komanda,Kambala,it Ituri Province,it Komanda Zone de Santé,komanda,ituri,komanda,komanda,,it Ituri,it Komanda
112,ituri,laybo,Province Oriental,444,Laybo,Laybo,it Ituri Province,it Laybo Zone de Santé,laybo,ituri,laybo,laybo,,it Ituri,it Laybo
113,ituri,linga,Province Oriental,178,Linga,Linga,it Ituri Province,it Linga Zone de Santé,linga,ituri,linga,linga,,it Ituri,it Linga
114,ituri,lita,Province Oriental,174,Lita,Lita,it Ituri Province,it Lita Zone de Santé,lita,ituri,lita,lita,,it Ituri,it Lita
115,ituri,logo,Province Oriental,281,Logo,Logo,it Ituri Province,it Logo Zone de Santé,logo,ituri,logo,logo,,it Ituri,it Logo
116,ituri,lolwa,Province Oriental,169,Lolwa,Lolwa,it Ituri Province,it Lolwa Zone de Santé,lolwa,ituri,lolwa,lolwa,,it Ituri,it Lolwa
117,ituri,mahagi,Province Oriental,177,Mahagi,Mahagi,it Ituri Province,it Mahagi Zone de Santé,mahagi,ituri,mahagi,mahagi,,it Ituri,it Mahagi
118,ituri,mambasa,Province Oriental,226,Mambasa,Mambasa,it Ituri Province,it Mambasa Zone de Santé,mambasa,ituri,mambasa,mambasa,,it Ituri,it Mambasa
119,ituri,mandima,Province Oriental,168,Mandima,Mandima,it Ituri Province,it Mandima Zone de Santé,mandima,ituri,mandima,mandima,,it Ituri,it Mandima
120,ituri,mangala,Province Oriental,183,Mangala,Mangala,it Ituri Province,it Mangala Zone de Santé,mangala,ituri,mangala,mangala,,it Ituri,it Mangala
121,ituri,mongbwalu,Province Oriental,228,Mongbwalu,Mongbwalu,it Ituri Province,it Mongbwalu Zone de Santé,mongbwalu,ituri,mongbwalu,mongbwalu,,it Ituri,it Mongbwalu
122,ituri,niania,Province Oriental,211,Niania,Nia-Nia,it Ituri Province,it Nia Nia Zone de Santé,nia nia,ituri,nia-nia,niania,,it Ituri,it Nia Nia
123,ituri,nizi,Province Oriental,173,Nizi,Nizi,it Ituri Province,it Nizi Zone de Santé,nizi,ituri,nizi,nizi,,it Ituri,it Nizi
124,ituri,nyakunde,Province Oriental,180,Nyakunde,Nyankunde,it Ituri Province,it Nyankunde Zone de Santé,nyakunde,ituri,nyankunde,nyankunde,,it Ituri,it Nyankunde
125,ituri,nyarambe,Province Oriental,280,Nyarambe,Nyarambe,it Ituri Province,it Nyarambe Zone de Santé,nyarambe,ituri,nyarambe,nyarambe,,it Ituri,it Nyarambe
126,ituri,rethy,Province Oriental,277,Rethy,Rethy,it Ituri Province,it Rethy Zone de Santé,rethy,ituri,rethy,rethy,,it Ituri,it Rethy
127,ituri,rimba,Province Oriental,181,Rimba,Rimba,it Ituri Province,it Rimba Zone de Santé,rimba,ituri,rimba,rimba,,it Ituri,it Rimba
128,ituri,rwampara,Province Oriental,171,Rwampara,Rwampara,it Ituri Province,it Rwampara Zone de Santé,rwampara,ituri,rwampara,rwampara,,it Ituri,it Rwampara
129,ituri,tchomia,Province Oriental,185,Tchomia,Tchomia,it Ituri Province,it Tchomia Zone de Santé,tshomia,ituri,tchomia,tchomia,,it Ituri,it Tchomia
130,kasai,banga-lubaka,Kasai Occidental,21,Banga Lubaka,Banga Lubaka,ks Kasai Province,ks Banga Lubaka Zone de Santé,banga lubaka,kasai,banga-lubaka,banga lubaka,,ks Kasai,ks Banga Lubaka
131,kasai,bulape,Kasai Occidental,30,Bulape,Bulape,ks Kasai Province,ks Bulape Zone de Santé,bulape,kasai,bulape,bulape,,ks Kasai,ks Bulape
132,kasai,dekese,Kasai Occidental,459,Dekese,Dekese,ks Kasai Province,ks Dekese Zone de Santé,dekese,kasai,dekese,dekese,,ks Kasai,ks Dekese
133,kasai,ilebo,Kasai Occidental,37,Ilebo,Ilebo,ks Kasai Province,ks Ilebo Zone de Santé,ilebo,kasai,ilebo,ilebo,,ks Kasai,ks Ilebo
134,kasai,kakenge,Kasai Occidental,31,Kakenge,Kakenge,ks Kasai Province,ks Kakenge Zone de Santé,kakenge,kasai,kakenge,kakenge,,ks Kasai,ks Kakenge
135,kasai,kalonda,Kasai Occidental,8,Kalonda,Kalonda,ks Kasai Province,ks Kalonda Ouest Zone de Santé,kalonda ouest,kasai,kalonda-ouest,kalonda ouest,,ks Kasai,ks Kalonda Ouest
136,kasai,kamonya,Kasai Occidental,9,Kamonya,Kamonia,ks Kasai Province,ks Kamonia Zone de Santé,kamonia,kasai,kamonia,kamonia,,ks Kasai,ks Kamonia
137,kasai,kamwesha,Kasai Occidental,22,Kamwesha,Kamuesha,ks Kasai Province,ks Kamwesha Zone de Santé,kamwesha,kasai,kamwesha,kamuesha,,ks Kasai,ks Kamwesha
138,kasai,kanzala,Kasai Occidental,284,Kanzala,Kanzala,ks Kasai Province,ks Kanzala Zone de Santé,kanzala,kasai,kanzala,kanzala,,ks Kasai,ks Kanzala
139,kasai,kitangwa,Kasai Occidental,462,Kitangwa,Kitangwa,ks Kasai Province,ks Kitangwa Zone de Santé,kitangua,kasai,kitangwa,kitangua,,ks Kasai,ks Kitangwa
140,kasai,luebo,Kasai Occidental,24,Luebo,Luebo,ks Kasai Province,ks Luebo Zone de Santé,luebo,kasai,luebo,luebo,,ks Kasai,ks Luebo
141,kasai,mikope,Kasai Occidental,136,Mikope,Mikope,ks Kasai Province,ks Mikope Zone de Santé,mikope,kasai,mikope,mikope,,ks Kasai,ks Mikope
142,kasai,mushenge,Kasai Occidental,38,Mushenge,Mushenge,ks Kasai Province,ks Mushenge Zone de Santé,mushenge,kasai,mushenge,mushenge,,ks Kasai,ks Mushenge
143,kasai,mutenna,Kasai Occidental,13,Mutenna,Mutena,ks Kasai Province,ks Mutena Zone de Santé,mutena,kasai,mutena,mutena,,ks Kasai,ks Mutena
144,kasai,mweka,Kasai Occidental,29,Mweka,Mweka,ks Kasai Province,ks Mweka Zone de Santé,mweka,kasai,mweka,mweka,,ks Kasai,ks Mweka
145,kasai,ndjoko-punda,Kasai Occidental,23,Ndjoko Punda,Ndjoku Punda,ks Kasai Province,ks Ndjoko Mpunda Zone de Santé,ndjoko mpunda,kasai,ndjoko-mpunda,ndjoko punda,,ks Kasai,ks Ndjoko Mpunda
146,kasai,nyanga,Kasai Occidental,7,Nyanga,Nyanga,ks Kasai Province,ks Nyanga Zone de Santé,nyanga,kasai,nyanga,nyanga,,ks Kasai,ks Nyanga
147,kasai,tshikapa,Kasai Occidental,285,Tshikapa,Tshikapa,ks Kasai Province,ks Tshikapa Zone de Santé,tshikapa,kasai,tshikapa,tshikapa,,ks Kasai,ks Tshikapa
148,kasai-central,bena-leke,Kasai Occidental,28,Bena Leke,Bena-leka,kr Kasai Central Province,kr Bena Leka Zone de Santé,bena leka,kasai central,bena-leka,benaleka,,kr Kasai Central,kr Bena Leka
149,kasai-central,bena-tshadi,NA,NA,NA,NA,kr Kasai Central Province,kr Bena Tshadi Zone de Santé,benatshiadi,kasai central,bena-tshadi,bena-tshiadi,,kr Kasai Central,kr Bena Tshadi
150,kasai-central,bilonda,Kasai Occidental,17,Bilonda,Bilomba,kr Kasai Central Province,kr Bilomba Zone de Santé,bilomba,kasai central,bilomba,bilomba,,kr Kasai Central,kr Bilomba
151,kasai-central,bobozo,Kasai Occidental,330,Bobozo,Bobozo,kr Kasai Central Province,kr Bobozo Zone de Santé,bobozo,kasai central,bobozo,bobozo,,kr Kasai Central,kr Bobozo
152,kasai-central,bukonde,Kasai Occidental,18,Bukonde,Bukonde,kr Kasai Central Province,kr Bunkonde Zone de Santé,bunkonde,kasai central,bunkonde,bunkonde,,kr Kasai Central,kr Bunkonde
153,kasai-central,demba,Kasai Occidental,27,Demba,Demba,kr Kasai Central Province,kr Demba Zone de Santé,demba,kasai central,demba,demba,,kr Kasai Central,kr Demba
154,kasai-central,dibaya,Kasai Occidental,34,Dibaya,Dibaya,kr Kasai Central Province,kr Dibaya Zone de Santé,dibaya,kasai central,dibaya,dibaya,,kr Kasai Central,kr Dibaya
155,kasai-central,kalomda,Kasai Occidental,6,Kalomda,Kalomda,kr Kasai Central Province,kr Kalomba Zone de Santé,kalomba,kasai central,kalomba,kalomba,,kr Kasai Central,kr Kalomba
156,kasai-central,kananga,Kasai Occidental,288,Kananga,Kananga,kr Kasai Central Province,kr Kananga Zone de Santé,kananga,kasai central,kananga,kananga,,kr Kasai Central,kr Kananga
157,kasai-central,katende,Kasai Occidental,32,Katende,Katende,kr Kasai Central Province,kr Katende Zone de Santé,katende,kasai central,katende,katende,,kr Kasai Central,kr Katende
158,kasai-central,katoka,Kasai Occidental,286,Katoka,Katoka,kr Kasai Central Province,kr Katoka Zone de Santé,katoka,kasai central,katoka,katoka,,kr Kasai Central,kr Katoka
159,kasai-central,luambo,Kasai Occidental,12,Luambo,Luambo,kr Kasai Central Province,kr Luambo Zone de Santé,luambo,kasai central,luambo,luambo,,kr Kasai Central,kr Luambo
160,kasai-central,lubondaie,Kasai Occidental,33,Lubondaie,Lubondayi,kr Kasai Central Province,kr Lubondaie Zone de Santé,lubondaie,kasai central,lubondaie,lubondayi,,kr Kasai Central,kr Lubondaie
161,kasai-central,lubunga,Kasai Occidental,35,Lubunga,Lubunga,kr Kasai Central Province,kr Lubunga Zone de Santé,lubunga,kasai central,lubunga,lubunga,,kr Kasai Central,kr Lubunga
162,kasai-central,lubunga,Province Oriental,332,Lubunga,Lubunga,kr Kasai Central Province,kr Lubunga Zone de Santé,lubunga,kasai central,lubunga,lubunga,,kr Kasai Central,kr Lubunga
163,kasai-central,luiza,Kasai Occidental,16,Luiza,Luiza,kr Kasai Central Province,kr Luiza Zone de Santé,luiza,kasai central,luiza,luiza,,kr Kasai Central,kr Luiza
164,kasai-central,lukonga,Kasai Occidental,287,Lukonga,Lukonga,kr Kasai Central Province,kr Lukonga Zone de Santé,lukonga,kasai central,lukonga,lukonga,,kr Kasai Central,kr Lukonga
165,kasai-central,mikalayi,Kasai Occidental,25,Mikalayi,Mikalayi,kr Kasai Central Province,kr Mikalayi Zone de Santé,mikalayi,kasai central,mikalayi,mikalayi,,kr Kasai Central,kr Mikalayi
166,kasai-central,musuika,Kasai Occidental,10,Musuika,Masuika,kr Kasai Central Province,kr Masuika Zone de Santé,masuika,kasai central,masuika,masuika,,kr Kasai Central,kr Masuika
167,kasai-central,mutoto,Kasai Occidental,26,Mutoto,Mutoto,kr Kasai Central Province,kr Mutoto Zone de Santé,mutoto,kasai central,mutoto,mutoto,,kr Kasai Central,kr Mutoto
168,kasai-central,mwetshi,Kasai Occidental,36,Mwetshi,Muetshi,kr Kasai Central Province,kr Muetshi Zone de Santé,mwetshi,kasai central,muetshi,mwetshi,,kr Kasai Central,kr Muetshi
169,kasai-central,ndekesha,Kasai Occidental,14,Ndekesha,Ndekesha,kr Kasai Central Province,kr Ndekesha Zone de Santé,ndekesha,kasai central,ndekesha,ndekesha,,kr Kasai Central,kr Ndekesha
170,kasai-central,ndesha,Kasai Occidental,20,Ndesha,Ndesha,kr Kasai Central Province,kr Ndesha Zone de Santé,ndesha,kasai central,ndesha,ndesha,,kr Kasai Central,kr Ndesha
171,kasai-central,tshibala,Kasai Occidental,15,Tshibala,Tshibala,kr Kasai Central Province,kr Tshibala Zone de Santé,tshibala,kasai central,tshibala,tshibala,,kr Kasai Central,kr Tshibala
172,kasai-central,tshikaji,Kasai Occidental,289,Tshikaji,Tshikaji,kr Kasai Central Province,kr Tshikaji Zone de Santé,tshikaji,kasai central,tshikaji,tshikaji,,kr Kasai Central,kr Tshikaji
173,kasai-central,tshikula,Kasai Occidental,19,Tshikula,Tshikula,kr Kasai Central Province,kr Tshikula Zone de Santé,tshikula,kasai central,tshikula,tshikula,,kr Kasai Central,kr Tshikula
174,kasai-central,yangala,Kasai Occidental,11,Yangala,Yangala,kr Kasai Central Province,kr Yangala Zone de Santé,yangala,kasai central,yangala,yangala,,kr Kasai Central,kr Yangala
175,kasai-oriental,bibanga,Kasai Oriental,89,Bibanga,Bibanga,ke Kasai Oriental Province,ke Bibanga Zone de Santé,bibanga,kasai oriental,bibanga,bibanga,,ke Kasai Oriental,ke Bibanga
176,kasai-oriental,bimpemba,Kasai Oriental,74,Bimpemba,Bipemba,ke Kasai Oriental Province,ke Bipemba Zone de Santé,bimpemba,kasai oriental,bipemba,bipemba,,ke Kasai Oriental,ke Bipemba
177,kasai-oriental,bonzola,Kasai Oriental,68,Bonzola,Bonzola,ke Kasai Oriental Province,ke Bonzola Zone de Santé,bonzola,kasai oriental,bonzola,bonzola,,ke Kasai Oriental,ke Bonzola
178,kasai-oriental,dibindi,Kasai Oriental,70,Dibindi,Dibindi,ke Kasai Oriental Province,ke Dibindi Zone de Santé,dibindi,kasai oriental,dibindi,dibindi,,ke Kasai Oriental,ke Dibindi
179,kasai-oriental,diulu,Kasai Oriental,75,Diulu,Diulu,ke Kasai Oriental Province,ke Diulu Zone de Santé,diulu,kasai oriental,diulu,NA,,ke Kasai Oriental,ke Diulu
180,kasai-oriental,kabeya-kamuanga,Kasai Oriental,39,Kabeya Kamuanga,Kabeya-Kamuanga,ke Kasai Oriental Province,ke Kabeya Kamwanga Zone de Santé,kabeya kamwanga,kasai oriental,kabeya-kamwanga,kabeya kamuanga,,ke Kasai Oriental,ke Kabeya Kamwanga
181,kasai-oriental,kansele,Kasai Oriental,71,Kansele,Kansele,ke Kasai Oriental Province,ke Kansele Zone de Santé,kansele,kasai oriental,kansele,kansele,,ke Kasai Oriental,ke Kansele
182,kasai-oriental,kasansa,Kasai Oriental,83,Kasansa,Kasansa,ke Kasai Oriental Province,ke Kasansa Zone de Santé,kasansa,kasai oriental,kasansa,kasansa,,ke Kasai Oriental,ke Kasansa
183,kasai-oriental,lubilanji,Kasai Oriental,69,Lubilanji,Lubilanji,ke Kasai Oriental Province,ke Lubilanji Zone de Santé,lubilanji,kasai oriental,lubilanji,lubilanji,,ke Kasai Oriental,ke Lubilanji
184,kasai-oriental,lukelenge,Kasai Oriental,72,Lukelenge,Lukalenge,ke Kasai Oriental Province,ke Lukelenge Zone de Santé,lukelenge,kasai oriental,lukelenge,lukalenge,,ke Kasai Oriental,ke Lukelenge
185,kasai-oriental,miabi,Kasai Oriental,66,Miabi,Miabi,ke Kasai Oriental Province,ke Miabi Zone de Santé,miabi,kasai oriental,miabi,miabi,,ke Kasai Oriental,ke Miabi
186,kasai-oriental,mpokolo,Kasai Oriental,76,Mpokolo,Mpokolo,ke Kasai Oriental Province,ke Mpokolo Zone de Santé,mpokolo,kasai oriental,mpokolo,mpokolo,,ke Kasai Oriental,ke Mpokolo
187,kasai-oriental,mukumbi,Kasai Oriental,88,Mukumbi,Mukumbi,ke Kasai Oriental Province,ke Mukumbi Zone de Santé,mukumbi,kasai oriental,mukumbi,mukumbi,,ke Kasai Oriental,ke Mukumbi
188,kasai-oriental,muya,Kasai Oriental,73,Muya,Muya,ke Kasai Oriental Province,ke Muya Zone de Santé,muya,kasai oriental,muya,muya,,ke Kasai Oriental,ke Muya
189,kasai-oriental,nzaba,Kasai Oriental,67,Nzaba,Nzaba,ke Kasai Oriental Province,ke Nzaba Zone de Santé,nzaba,kasai oriental,nzaba,nzaba,,ke Kasai Oriental,ke Nzaba
190,kasai-oriental,tshilenge,Kasai Oriental,86,Tshilenge,Tshilenge,ke Kasai Oriental Province,ke Tshilenge Zone de Santé,tshilenge,kasai oriental,tshilenge,tshilenge,,ke Kasai Oriental,ke Tshilenge
191,kasai-oriental,tshilundu,Kasai Oriental,80,Tshilundu,Cilundu,ke Kasai Oriental Province,ke Cilundu Zone de Santé,cilundu,kasai oriental,cilundu,tshilundu,,ke Kasai Oriental,ke Cilundu
192,kasai-oriental,tshitenge,Kasai Oriental,87,Tshitenge,Citenge,ke Kasai Oriental Province,ke Citenge Zone de Santé,tshitenge,kasai oriental,citenge,tshitenge,,ke Kasai Oriental,ke Citenge
193,kasai-oriental,tshitshimbi,Kasai Oriental,81,Tshitshimbi,Tshishimbi,ke Kasai Oriental Province,ke Tshishimbi Zone de Santé,tshitshimbi,kasai oriental,tshishimbi,tshishimbi,,ke Kasai Oriental,ke Tshishimbi
194,kinshasa,bandalungwa,Kinshasa,261,Bandalungwa,Bandalungwa,kn Kinshasa Province,kn Bandalungwa Zone de Santé,bandal,kinshasa,bandalungwa,NA,,kn Kinshasa,kn Bandalungwa
195,kinshasa,barumbu,Kinshasa,253,Barumbu,Barumbu,kn Kinshasa Province,kn Barumbu Zone de Santé,barumbu,kinshasa,barumbu,barumbu,,kn Kinshasa,kn Barumbu
196,kinshasa,binza-metéo,Kinshasa,270,Binza_Metéo,Binza-Météo,kn Kinshasa Province,kn Binza Meteo Zone de Santé,binza m,kinshasa,binza-meteo,binza meteo,,kn Kinshasa,kn Binza Meteo
197,kinshasa,binza-ozone,Kinshasa,271,Binza_Ozone,Binza-Ozone,kn Kinshasa Province,kn Binza Ozone Zone de Santé,binza o,kinshasa,binza-ozone,binza ozone,,kn Kinshasa,kn Binza Ozone
198,kinshasa,biyela,Kinshasa,247,Biyela,Biyela,kn Kinshasa Province,kn Biyela Zone de Santé,biyela,kinshasa,biyela,biyela,,kn Kinshasa,kn Biyela
199,kinshasa,bumbu,Kinshasa,258,Bumbu,Bumbu,kn Kinshasa Province,kn Bumbu Zone de Santé,bumbu,kinshasa,bumbu,bumbu,,kn Kinshasa,kn Bumbu
200,kinshasa,gombe,Kinshasa,263,Gombe,Gombe,kn Kinshasa Province,kn Gombe Zone de Santé,gombe,kinshasa,gombe,la-gombe,,kn Kinshasa,kn Gombe
201,kinshasa,kalamu-i,Kinshasa,257,Kalamu I,Kalamu I,kn Kinshasa Province,kn Kalamu 1 Zone de Santé,kalamu 1,kinshasa,kalamu-1,kalamu i,,kn Kinshasa,kn Kalamu 1
202,kinshasa,kalamu-ii,Kinshasa,256,Kalamu II,Kalamu II,kn Kinshasa Province,kn Kalamu 2 Zone de Santé,kalamu 2,kinshasa,kalamu-2,kalamu ii,,kn Kinshasa,kn Kalamu 2
203,kinshasa,kasa-vubu,Kinshasa,268,Kasa_Vubu,Kasa-Vubu,kn Kinshasa Province,kn Kasa Vubu Zone de Santé,kasa vub,kinshasa,kasa-vubu,kasa vubu,,kn Kinshasa,kn Kasa Vubu
204,kinshasa,kikimi,Kinshasa,248,Kikimi,Kikimi,kn Kinshasa Province,kn Kikimi Zone de Santé,kikimi,kinshasa,kikimi,kikimi,,kn Kinshasa,kn Kikimi
205,kinshasa,kimbanseke,Kinshasa,291,Kimbanseke,Kimbanseke,kn Kinshasa Province,kn Kimbanseke Zone de Santé,kimbanseke,kinshasa,kimbanseke,kimbanseke,,kn Kinshasa,kn Kimbanseke
206,kinshasa,kingabwa,Kinshasa,264,Kingabwa,Kingabwa,kn Kinshasa Province,kn Kingabwa Zone de Santé,kingabwa,kinshasa,kingabwa,kingabwa,,kn Kinshasa,kn Kingabwa
207,kinshasa,kingasani,Kinshasa,290,Kingasani,Kingasani,kn Kinshasa Province,kn Kingasani Zone de Santé,kingasani,kinshasa,kingasani,kingasani,,kn Kinshasa,kn Kingasani
208,kinshasa,kinshasa,Kinshasa,254,Kinshasa,Kinshasa,kn Kinshasa Province,kn Kinshasa Zone de Santé,kinshasa,kinshasa,kinshasa,kinshasa,,kn Kinshasa,kn Kinshasa
209,kinshasa,kintambo,Kinshasa,267,Kintambo,Kintambo,kn Kinshasa Province,kn Kintambo Zone de Santé,kintambo,kinshasa,kintambo,kintambo,,kn Kinshasa,kn Kintambo
210,kinshasa,kisenso,Kinshasa,251,Kisenso,Kisenso,kn Kinshasa Province,kn Kisenso Zone de Santé,kisenso,kinshasa,kisenso,kisenso,,kn Kinshasa,kn Kisenso
211,kinshasa,kokolo,Kinshasa,328,Kokolo,Kokolo,kn Kinshasa Province,kn Kokolo Zone de Santé,kokolo,kinshasa,kokolo,kokolo,,kn Kinshasa,kn Kokolo
212,kinshasa,lemba,Kinshasa,249,Lemba,Lemba,kn Kinshasa Province,kn Lemba Zone de Santé,lemba,kinshasa,lemba,lemba,,kn Kinshasa,kn Lemba
213,kinshasa,limeté,Kinshasa,255,Limeté,Limeté,kn Kinshasa Province,kn Limete Zone de Santé,limete,kinshasa,limete,limete,,kn Kinshasa,kn Limete
214,kinshasa,lingwala,Kinshasa,252,Lingwala,Lingwala,kn Kinshasa Province,kn Lingwala Zone de Santé,lingwala,kinshasa,lingwala,lingwala,,kn Kinshasa,kn Lingwala
215,kinshasa,makala,Kinshasa,259,Makala,Makala,kn Kinshasa Province,kn Makala Zone de Santé,makala,kinshasa,makala,makala,,kn Kinshasa,kn Makala
216,kinshasa,maluku-i,Kinshasa,272,Maluku I,Maluku I,kn Kinshasa Province,kn Maluku 1 Zone de Santé,maluku1,kinshasa,maluku-1,maluku i,,kn Kinshasa,kn Maluku 1
217,kinshasa,maluku-ii,Kinshasa,410,Maluku II,Maluku II,kn Kinshasa Province,kn Maluku 2 Zone de Santé,maluku2,kinshasa,maluku-2,maluku ii,,kn Kinshasa,kn Maluku 2
218,kinshasa,masina-i,Kinshasa,266,Masina I,Masina I,kn Kinshasa Province,kn Masina 1 Zone de Santé,masina1,kinshasa,masina-1,masina i,,kn Kinshasa,kn Masina 1
219,kinshasa,masina-ii,Kinshasa,265,Masina II,Masina II,kn Kinshasa Province,kn Masina 2 Zone de Santé,masina2,kinshasa,masina-2,masina ii,,kn Kinshasa,kn Masina 2
220,kinshasa,matete,Kinshasa,250,Matete,Matete,kn Kinshasa Province,kn Matete Zone de Santé,matete,kinshasa,matete,matete,,kn Kinshasa,kn Matete
221,kinshasa,mont-ngafula-i,Kinshasa,246,Mont Ngafula I,Mont-Ngafula I,kn Kinshasa Province,kn Mont Ngafula 1 Zone de Santé,mont nga1,kinshasa,mont-ngafula-1,mont ngafula i,mont-ngafula,kn Kinshasa,kn Mont Ngafula 1
222,kinshasa,mont-ngafula-ii,Kinshasa,274,Mont Ngafula II,Mont-Ngafula II,kn Kinshasa Province,kn Mont Ngafula 2 Zone de Santé,mont nga 2,kinshasa,mont-ngafula-2,mont ngafula ii,,kn Kinshasa,kn Mont Ngafula 2
223,kinshasa,ndjili,Kinshasa,245,Ndjili,Ndjili,kn Kinshasa Province,kn Ndjili Zone de Santé,ndjili,kinshasa,ndjili,ndjili,,kn Kinshasa,kn Ndjili
224,kinshasa,ngaba,Kinshasa,260,Ngaba,Ngaba,kn Kinshasa Province,kn Ngaba Zone de Santé,ngaba,kinshasa,ngaba,ngaba,,kn Kinshasa,kn Ngaba
225,kinshasa,ngiri-ngiri,Kinshasa,269,Ngiri_Ngiri,Ngiri-Ngiri,kn Kinshasa Province,kn Ngiri Ngiri Zone de Santé,ngiri ngiri,kinshasa,ngiri-ngiri,ngiri--ngiri,,kn Kinshasa,kn Ngiri Ngiri
226,kinshasa,nsele,Kinshasa,276,Nsele,Nsele,kn Kinshasa Province,kn Nsele Zone de Santé,nsele,kinshasa,nsele,NA,,kn Kinshasa,kn Nsele
227,kinshasa,police,Kinshasa,329,Police,Police,kn Kinshasa Province,kn Police Zone de Santé,police,kinshasa,police,police,,kn Kinshasa,kn Police
228,kinshasa,selembao,Kinshasa,262,Selembao,Selembao,kn Kinshasa Province,kn Selembao Zone de Santé,selembao,kinshasa,selembao,selembao,,kn Kinshasa,kn Selembao
229,kongo-central,boko-kivulu,Bas-Congo,130,Boko Kivulu,Boko-Kivulu,kc Kongo Central Province,kc Boko Kivulu Zone de Santé,boko kivulu,bas congo,boko-kivulu,boko-kivulu,,kc Kongo Central,kc Boko Kivulu
230,kongo-central,boma,Bas-Congo,117,Boma,Boma,kc Kongo Central Province,kc Boma Zone de Santé,boma,bas congo,boma,boma,,kc Kongo Central,kc Boma
231,kongo-central,boma-bungu,Bas-Congo,118,Boma Bungu,Boma Bungu,kc Kongo Central Province,kc Boma Bungu Zone de Santé,boma bungu,bas congo,boma-bungu,boma bungu,,kc Kongo Central,kc Boma Bungu
232,kongo-central,gombe-matadi,Bas-Congo,417,Gombe Matadi,Gombe-Matadi,kc Kongo Central Province,kc Gombe Matadi Zone de Santé,gombe matadi,bas congo,gombe-matadi,gombe-matadi,,kc Kongo Central,kc Gombe Matadi
233,kongo-central,inga,Bas-Congo,120,Inga,Inga,kc Kongo Central Province,kc Inga Zone de Santé,inga,bas congo,inga,inga,,kc Kongo Central,kc Inga
234,kongo-central,kangu,Bas-Congo,413,Kangu,Kangu,kc Kongo Central Province,kc Kangu Zone de Santé,kangu,bas congo,kangu,kangu,,kc Kongo Central,kc Kangu
235,kongo-central,kibunzi,Bas-Congo,125,Kibunzi,Kibunzi,kc Kongo Central Province,kc Kibunzi Zone de Santé,kibunzi,bas congo,kibunzi,kibunzi,,kc Kongo Central,kc Kibunzi
236,kongo-central,kimpangu,Bas-Congo,127,Kimpangu,Kimpangu,kc Kongo Central Province,kc Kimpangu Zone de Santé,kimpangu,bas congo,kimpangu,kimpangu,,kc Kongo Central,kc Kimpangu
237,kongo-central,kimpese,Bas-Congo,411,Kimpese,Kimpese,kc Kongo Central Province,kc Kimpese Zone de Santé,kimpese,bas congo,kimpese,kimpese,,kc Kongo Central,kc Kimpese
238,kongo-central,kimvula,Bas-Congo,409,Kimvula,Kimvula,kc Kongo Central Province,kc Kimvula Zone de Santé,kimvula,bas congo,kimvula,kimvula,,kc Kongo Central,kc Kimvula
239,kongo-central,kinkonzi,Bas-Congo,415,Kinkonzi,Kinkonzi,kc Kongo Central Province,kc Kinkonzi Zone de Santé,kinkonzi,bas congo,kinkonzi,kinkonzi,,kc Kongo Central,kc Kinkonzi
240,kongo-central,kisantu,Bas-Congo,133,Kisantu,Kisantu,kc Kongo Central Province,kc Kisantu Zone de Santé,kisantu,bas congo,kisantu,kisantu,,kc Kongo Central,kc Kisantu
241,kongo-central,kitona,Bas-Congo,116,Kitona,Kitona,kc Kongo Central Province,kc Kitona Zone de Santé,kitona,bas congo,kitona,kitona,,kc Kongo Central,kc Kitona
242,kongo-central,kizu,Bas-Congo,124,Kizu,Kizu,kc Kongo Central Province,kc Kizu Zone de Santé,kizu,bas congo,kizu,kizu,,kc Kongo Central,kc Kizu
243,kongo-central,kuimba,Bas-Congo,414,Kuimba,Kuimba,kc Kongo Central Province,kc Kuimba Zone de Santé,kwimba,bas congo,kuimba,kuimba,,kc Kongo Central,kc Kuimba
244,kongo-central,kwilu-ngongo,Bas-Congo,132,Kwilu Ngongo,Kwilu-Ngongo,kc Kongo Central Province,kc Kwilu Ngongo Zone de Santé,kwilu ngongo,bas congo,kwilu-ngongo,kwilu-ngongo,,kc Kongo Central,kc Kwilu Ngongo
245,kongo-central,lukula,Bas-Congo,121,Lukula,Lukula,kc Kongo Central Province,kc Lukula Zone de Santé,lukula,bas congo,lukula,lukula,,kc Kongo Central,kc Lukula
246,kongo-central,luozi,Bas-Congo,126,Luozi,Luozi,kc Kongo Central Province,kc Luozi Zone de Santé,luozi,bas congo,luozi,luozi,,kc Kongo Central,kc Luozi
247,kongo-central,mangembo,Bas-Congo,416,Mangembo,Mangembo,kc Kongo Central Province,kc Mangembo Zone de Santé,mangembo,bas congo,mangembo,mangembo,,kc Kongo Central,kc Mangembo
248,kongo-central,massa,Bas-Congo,418,Massa,Masa,kc Kongo Central Province,kc Massa Zone de Santé,masa,bas congo,massa,masa,,kc Kongo Central,kc Massa
249,kongo-central,matadi,Bas-Congo,243,Matadi,Matadi,kc Kongo Central Province,kc Matadi Zone de Santé,matadi,bas congo,matadi,matadi,,kc Kongo Central,kc Matadi
250,kongo-central,mbanza-ngungu,Bas-Congo,131,Mbanza Ngungu,Mbanza-Ngungu,kc Kongo Central Province,kc Mbanza Ngungu Zone de Santé,mbanza ngungu,bas congo,mbanza-ngungu,mbanza-ngungu,,kc Kongo Central,kc Mbanza Ngungu
251,kongo-central,moanda,Bas-Congo,115,Moanda,Muanda,kc Kongo Central Province,kc Muanda Zone de Santé,muanda,bas congo,muanda,moanda,,kc Kongo Central,kc Muanda
252,kongo-central,ngidinga,Bas-Congo,128,Ngidinga,Ngidinga,kc Kongo Central Province,kc Ngidinga Zone de Santé,ngidinga,bas congo,ngidinga,ngidinga,,kc Kongo Central,kc Ngidinga
253,kongo-central,nselo,Bas-Congo,129,Nselo,Nselo,kc Kongo Central Province,kc Nselo Zone de Santé,nselo,bas congo,nselo,nselo,,kc Kongo Central,kc Nselo
254,kongo-central,nzanza,Bas-Congo,244,Nzanza,Nzanza,kc Kongo Central Province,kc Nzanza Zone de Santé,nzanza,bas congo,nzanza,nzanza,,kc Kongo Central,kc Nzanza
255,kongo-central,seke-banza,Bas-Congo,119,Seke Banza,Sekebanza,kc Kongo Central Province,kc Seke Banza Zone de Santé,seke banza,bas congo,seke-banza,seke banza,,kc Kongo Central,kc Seke Banza
256,kongo-central,sona-bata,Bas-Congo,275,Sona Bata,Sona-Bata,kc Kongo Central Province,kc Sona Bata Zone de Santé,sona bata,bas congo,sona-bata,sona-bata,,kc Kongo Central,kc Sona Bata
257,kongo-central,sona-pangu,Bas-Congo,412,Sona Pangu,Nsona-Pangu,kc Kongo Central Province,kc Nsona Mpangu Zone de Santé,nsona mpangu,bas congo,nsona-mpangu,nsona-mpangu,,kc Kongo Central,kc Nsona Mpangu
258,kongo-central,tshela,Bas-Congo,122,Tshela,Tshela,kc Kongo Central Province,kc Tshela Zone de Santé,tshela,bas congo,tshela,tshela,,kc Kongo Central,kc Tshela
259,kongo-central,vaku,Bas-Congo,123,Vaku,Vaku,kc Kongo Central Province,kc Vaku Zone de Santé,vaku,bas congo,vaku,vaku,,kc Kongo Central,kc Vaku
260,kwango,boko,Bandundu,160,Boko,Boko,kg Kwango Province,kg Boko Zone de Santé,boko,kwango,boko,boko,,kg Kwango,kg Boko
261,kwango,feshi,Bandundu,152,Feshi,Feshi,kg Kwango Province,kg Feshi Zone de Santé,feshi,kwango,feshi,feshi,,kg Kwango,kg Feshi
262,kwango,kahemba,Bandundu,460,Kahemba,Kahemba,kg Kwango Province,kg Kahemba Zone de Santé,kahemba,kwango,kahemba,kahemba,,kg Kwango,kg Kahemba
263,kwango,kajiji,Bandundu,150,Kajiji,Kajiji,kg Kwango Province,kg Kajiji Zone de Santé,kajiji,kwango,kajiji,kajiji,,kg Kwango,kg Kajiji
264,kwango,kasongo-lunda,Bandundu,407,Kasongo Lunda,Kasongolunda,kg Kwango Province,kg Kasongo Lunda Zone de Santé,kasongo lunda,kwango,kasongo-lunda,kasongo-lunda,,kg Kwango,kg Kasongo Lunda
265,kwango,kenge,Bandundu,159,Kenge,Kenge,kg Kwango Province,kg Kenge Zone de Santé,kenge,kwango,kenge,kenge,,kg Kwango,kg Kenge
266,kwango,kikenda,Bandundu,406,Kikenda,Kitenda,kg Kwango Province,kg Kitenda Zone de Santé,kitenda,kwango,kitenda,kitenda,,kg Kwango,kg Kitenda
267,kwango,kimbau,Bandundu,158,Kimbau,Kimbau,kg Kwango Province,kg Kimbao Zone de Santé,kimbao,kwango,kimbao,kimbau,,kg Kwango,kg Kimbao
268,kwango,kisandji,Bandundu,153,Kisandji,Kisanji,kg Kwango Province,kg Kisanji Zone de Santé,kisandji,kwango,kisanji,kisandji,,kg Kwango,kg Kisanji
269,kwango,mwela-lemba,Bandundu,151,Mwela Lemba,Mwela Lembwa,kg Kwango Province,kg Mwela Lembwa Zone de Santé,mwela lembwa,kwango,mwela-lembwa,mwela-lembwa,,kg Kwango,kg Mwela Lembwa
270,kwango,panzi,Bandundu,155,Panzi,Panzi,kg Kwango Province,kg Panzi Zone de Santé,panzi,kwango,panzi,panzi,,kg Kwango,kg Panzi
271,kwango,popokabaka,Bandundu,408,Popokabaka,Popokabaka,kg Kwango Province,kg Popokabaka Zone de Santé,popokabaka,kwango,popokabaka,popokabaka,,kg Kwango,kg Popokabaka
272,kwango,tembo,Bandundu,156,Tembo,Tembo,kg Kwango Province,kg Tembo Zone de Santé,tembo,kwango,tembo,tembo,,kg Kwango,kg Tembo
273,kwango,wamba-lwadi,Bandundu,154,Wamba Lwadi,Wamba luadi,kg Kwango Province,kg Wamba Lwadi Zone de Santé,wamba luadi,kwango,wamba-lwadi,wamba-lwadi,,kg Kwango,kg Wamba Lwadi
274,kwilu,bagata,Bandundu,148,Bagata,Bagata,kl Kwilu Province,kl Bagata Zone de Santé,bagata,kwilu,bagata,bagata,,kl Kwilu,kl Bagata
275,kwilu,bandundu,Bandundu,149,Bandundu,Bandundu,kl Kwilu Province,kl Bandundu Zone de Santé,bandundu,kwilu,bandundu,bandundu,,kl Kwilu,kl Bandundu
276,kwilu,bulungu,Bandundu,147,Bulungu,Bulungu,kl Kwilu Province,kl Bulungu Zone de Santé,bulungu,kwilu,bulungu,bulungu,,kl Kwilu,kl Bulungu
277,kwilu,djuma,Bandundu,236,Djuma,Djuma,kl Kwilu Province,kl Djuma Zone de Santé,djuma,kwilu,djuma,djuma,,kl Kwilu,kl Djuma
278,kwilu,gungu,Bandundu,461,Gungu,Gungu,kl Kwilu Province,kl Gungu Zone de Santé,gungu,kwilu,gungu,gungu,,kl Kwilu,kl Gungu
279,kwilu,idiofa,Bandundu,143,Idiofa,Idiofa,kl Kwilu Province,kl Idiofa Zone de Santé,idiofa,kwilu,idiofa,d'idiofa,,kl Kwilu,kl Idiofa
280,kwilu,ipamu,Bandundu,144,Ipamu,Ipamu,kl Kwilu Province,kl Ipamu Zone de Santé,ipamu,kwilu,ipamu,d'ipamu,,kl Kwilu,kl Ipamu
281,kwilu,kikongo,Bandundu,273,Kikongo,Kikongo,kl Kwilu Province,kl Kikongo Zone de Santé,kikongo,kwilu,kikongo,NA,,kl Kwilu,kl Kikongo
282,kwilu,kikwit-nord,Bandundu,498,Kikwit-Nord,Kikwit-Nord,kl Kwilu Province,kl Kikwit Nord Zone de Santé,kikwit nord,kwilu,kikwit-nord,kikwit nord,,kl Kwilu,kl Kikwit Nord
283,kwilu,kikwit-sud,Bandundu,497,Kikwit-sud,Kikwit-sud,kl Kwilu Province,kl Kikwit Sud Zone de Santé,kikwit sud,kwilu,kikwit-sud,kikwit sud,,kl Kwilu,kl Kikwit Sud
284,kwilu,kimputu,Bandundu,240,Kimputu,Kimputu,kl Kwilu Province,kl Kimputu Zone de Santé,kimputu,kwilu,kimputu,kimputu,,kl Kwilu,kl Kimputu
285,kwilu,kingandu,Bandundu,146,Kingandu,Kingandu,kl Kwilu Province,kl Kingandu Zone de Santé,kingandu,kwilu,kingandu,kingandu,,kl Kwilu,kl Kingandu
286,kwilu,koshibanda,Bandundu,145,Koshibanda,Koshibanda,kl Kwilu Province,kl Koshibanda Zone de Santé,koshibanda,kwilu,koshibanda,koshibanda,,kl Kwilu,kl Koshibanda
287,kwilu,lusanga,Bandundu,496,Lusanga,Lusanga,kl Kwilu Province,kl Lusanga Zone de Santé,lusanga,kwilu,lusanga,lusanga,,kl Kwilu,kl Lusanga
288,kwilu,masi-manimba,Bandundu,141,Masi Manimba,Masi-manimba,kl Kwilu Province,kl Masi Manimba Zone de Santé,masimanimba,kwilu,masi-manimba,masi-manimba,,kl Kwilu,kl Masi Manimba
289,kwilu,moaza,Bandundu,157,Moaza,Moanza,kl Kwilu Province,kl Moanza Zone de Santé,moanza,kwilu,moanza,mwanza,,kl Kwilu,kl Moanza
290,kwilu,mokala,Bandundu,239,Mokala,Mokala,kl Kwilu Province,kl Mokala Zone de Santé,mokala,kwilu,mokala,mokala,,kl Kwilu,kl Mokala
291,kwilu,mosango,Bandundu,241,Mosango,Mosango,kl Kwilu Province,kl Mosango Zone de Santé,mosango,kwilu,mosango,mosango,,kl Kwilu,kl Mosango
292,kwilu,mukedi,Bandundu,463,Mukedi,Mukedi,kl Kwilu Province,kl Mukedi Zone de Santé,mukedi,kwilu,mukedi,mukedi,,kl Kwilu,kl Mukedi
293,kwilu,mungindu,Bandundu,238,Mungindu,Mungindu,kl Kwilu Province,kl Mungindu Zone de Santé,mungindu,kwilu,mungindu,mungindu,,kl Kwilu,kl Mungindu
294,kwilu,pay-kongila,Bandundu,242,Pay Kongila,Pay Kongila,kl Kwilu Province,kl Pay Kongila Zone de Santé,pay kongila,kwilu,pay-kongila,pay kongila,,kl Kwilu,kl Pay Kongila
295,kwilu,sia,Bandundu,237,Sia,Sia,kl Kwilu Province,kl Sia Zone de Santé,sia,kwilu,sia,sia,,kl Kwilu,kl Sia
296,kwilu,vanga,Bandundu,235,Vanga,Vanga,kl Kwilu Province,kl Vanga Zone de Santé,vanga,kwilu,vanga,vanga,,kl Kwilu,kl Vanga
297,kwilu,yanga-bosa,Bandundu,142,Yanga bosa,Yasa-Bonga,kl Kwilu Province,kl Yasa Bonga Zone de Santé,yasa-bonga,kwilu,yasa-bonga,yasa bonga,,kl Kwilu,kl Yasa Bonga
298,lomami,kabinda,Kasai Oriental,93,Kabinda,Kabinda,lm Lomami Province,lm Kabinda Zone de Santé,kabinda,lomami,kabinda,kabinda,,lm Lomami,lm Kabinda
299,lomami,kalambayi-kabanga,Kasai Oriental,90,Kalambayi Kabanga,Kalambayi Kabanga,lm Lomami Province,lm Kalambayi Kabanga Zone de Santé,kalambayi,lomami,kalambayi-kabanga,kalambayi,,lm Lomami,lm Kalambayi Kabanga
300,lomami,kalenda,Kasai Oriental,78,Kalenda,Kalenda,lm Lomami Province,lm Kalenda Zone de Santé,kalenda,lomami,kalenda,kalenda,,lm Lomami,lm Kalenda
301,lomami,kalonda-est,Kasai Oriental,92,Kalonda Est,Kalonda-Est,lm Lomami Province,lm Kalonda Est Zone de Santé,kalonda est,lomami,kalonda-est,kalonda est,,lm Lomami,lm Kalonda Est
302,lomami,kamana,Kasai Oriental,40,Kamana,Kamana,lm Lomami Province,lm Kamana Zone de Santé,kamana,lomami,kamana,kamane,,lm Lomami,lm Kamana
303,lomami,kamiji,Kasai Oriental,79,Kamiji,Kamiji,lm Lomami Province,lm Kamiji Zone de Santé,kamji,lomami,kamiji,kamiji,,lm Lomami,lm Kamiji
304,lomami,kandakanda,Kasai Oriental,85,Kandakanda,Kanda Kanda,lm Lomami Province,lm Kanda Kanda Zone de Santé,kanda kanda,lomami,kanda-kanda,kanda kanda,,lm Lomami,lm Kanda Kanda
305,lomami,lubao,Kasai Oriental,110,Lubao,Lubao,lm Lomami Province,lm Lubao Zone de Santé,lubao,lomami,lubao,lubao,,lm Lomami,lm Lubao
306,lomami,ludimbi-lukula,NA,NA,NA,NA,lm Lomami Province,lm Ludimbi Lukula Zone de Santé,ludimbi lukula,lomami,ludimbi-lukula,ludimbi lukula,,lm Lomami,lm Ludimbi Lukula
307,lomami,luputa,Kasai Oriental,77,Luputa,Luputa,lm Lomami Province,lm Luputa Zone de Santé,luputa,lomami,luputa,luputa,,lm Lomami,lm Luputa
308,lomami,makota,Kasai Oriental,42,Makota,Makota,lm Lomami Province,lm Makota Zone de Santé,makota,lomami,makota,makota,,lm Lomami,lm Makota
309,lomami,mulumba,Kasai Oriental,82,Mulumba,Mulumba,lm Lomami Province,lm Mulumba Zone de Santé,mulumba,lomami,mulumba,mulumba,,lm Lomami,lm Mulumba
310,lomami,mwene-ditu,Kasai Oriental,43,Mwene Ditu,Mwene-Ditu,lm Lomami Province,lm Mweneditu Zone de Santé,muene ditu,lomami,mweneditu,mwene ditu,,lm Lomami,lm Mweneditu
311,lomami,ngandajika,Kasai Oriental,84,Ngandajika,Gandajika,lm Lomami Province,lm NGandajika Zone de Santé,gandajika,lomami,ngandajika,ngandajika,,lm Lomami,lm NGandajika
312,lomami,tshofa,Kasai Oriental,94,Tshofa,Tshofa,lm Lomami Province,lm Tshofa Zone de Santé,tshofa,lomami,tshofa,tshiofa,,lm Lomami,lm Tshofa
313,lomami,winkong,Kasai Oriental,41,Winkong,Wikong,lm Lomami Province,lm Wikong Zone de Santé,wikong,lomami,wikong,wikong,,lm Lomami,lm Wikong
314,lualaba,bunkeya,Katanga,113,Bunkeya,Bunkeya,ll Lualaba Province,ll Bunkeya Zone de Santé,bunkeya,lualaba,bunkeya,bunkeya,,ll Lualaba,ll Bunkeya
315,lualaba,dilala,Katanga,467,Dilala,Dilala,ll Lualaba Province,ll Dilala Zone de Santé,dilala,lualaba,dilala,dilala,,ll Lualaba,ll Dilala
316,lualaba,dilolo,Katanga,488,Dilolo,Dilolo,ll Lualaba Province,ll Dilolo Zone de Santé,dilolo,lualaba,dilolo,dilolo,,ll Lualaba,ll Dilolo
317,lualaba,fungurume,Katanga,354,Fungurume,Fungurume,ll Lualaba Province,ll Fungurume Zone de Santé,fungurume,lualaba,fungurume,fungurume,,ll Lualaba,ll Fungurume
318,lualaba,kafakumba,Katanga,336,Kafakumba,Kafakumba,ll Lualaba Province,ll Kafakumba Zone de Santé,kafakumba,lualaba,kafakumba,kafakumba,,ll Lualaba,ll Kafakumba
319,lualaba,kalemba,Katanga,491,Kalemba,Kalamba,ll Lualaba Province,ll Kalamba Zone de Santé,kalamba,lualaba,kalamba,kalamba,,ll Lualaba,ll Kalamba
320,lualaba,kanzenze,Katanga,485,Kanzenze,Kanzenze,ll Lualaba Province,ll Kanzenze Zone de Santé,kanzenze,lualaba,kanzenze,kanzenze,,ll Lualaba,ll Kanzenze
321,lualaba,kapanga,Katanga,486,Kapanga,Kapanga,ll Lualaba Province,ll Kapanga Zone de Santé,kapanga,lualaba,kapanga,kapanga,,ll Lualaba,ll Kapanga
322,lualaba,kasaji,Katanga,487,Kasaji,Kasaji,ll Lualaba Province,ll Kasaji Zone de Santé,kasaji,lualaba,kasaji,kasaji,,ll Lualaba,ll Kasaji
323,lualaba,lualaba,Katanga,283,Lualaba,Lualaba,ll Lualaba Province,ll Lualaba Zone de Santé,lwalaba,lualaba,lualaba,lualaba,,ll Lualaba,ll Lualaba
324,lualaba,lubudi,Katanga,469,Lubudi,Lubudi,ll Lualaba Province,ll Lubudi Zone de Santé,lubudi,lualaba,lubudi,lubudi,,ll Lualaba,ll Lubudi
325,lualaba,manika,Katanga,492,Manika,Manika,ll Lualaba Province,ll Manika Zone de Santé,manika,lualaba,manika,manika,,ll Lualaba,ll Manika
326,lualaba,mutshatsha,Katanga,468,Mutshatsha,Mutshatsha,ll Lualaba Province,ll Mutshatsha Zone de Santé,mutshatsha,lualaba,mutshatsha,muthsatsha,,ll Lualaba,ll Mutshatsha
327,lualaba,sandoa,Katanga,489,Sandoa,Sandoa,ll Lualaba Province,ll Sandoa Zone de Santé,sandoa,lualaba,sandoa,sandoa,,ll Lualaba,ll Sandoa
328,mai-ndombe,bandjau,Bandundu,166,Bandjau,Banjow Moke,md Maindombe Province,md Banzow Moke Zone de Santé,bandjow,mai-ndombe,banzow-moke,banzow,,md Maindombe,md Banzow Moke
329,mai-ndombe,bokoro,Bandundu,140,Bokoro,Bokoro,md Maindombe Province,md Bokoro Zone de Santé,bokoro,mai-ndombe,bokoro,bokoro,,md Maindombe,md Bokoro
330,mai-ndombe,bolobo,Bandundu,134,Bolobo,Bolobo,md Maindombe Province,md Bolobo Zone de Santé,bolobo,mai-ndombe,bolobo,bolobo,,md Maindombe,md Bolobo
331,mai-ndombe,bosobe,Bandundu,139,Bosobe,Bosobe,md Maindombe Province,md Bosobe Zone de Santé,bosobe,mai-ndombe,bosobe,bosobe,,md Maindombe,md Bosobe
332,mai-ndombe,inongo,Bandundu,163,Inongo,Inongo,md Maindombe Province,md Inongo Zone de Santé,inongo,mai-ndombe,inongo,inongo,,md Maindombe,md Inongo
333,mai-ndombe,kiri,Bandundu,161,Kiri,Kiri,md Maindombe Province,md Kiri Zone de Santé,kiri,mai-ndombe,kiri,kiri,,md Maindombe,md Kiri
334,mai-ndombe,kwamouth,Bandundu,419,Kwamouth,Kwamouth,md Maindombe Province,md Kwamouth Zone de Santé,kwamouth,mai-ndombe,kwamouth,kwamouth,,md Maindombe,md Kwamouth
335,mai-ndombe,mimia,Bandundu,138,Mimia,Mimia,md Maindombe Province,md Mimia Zone de Santé,mimia,mai-ndombe,mimia,mimia,,md Maindombe,md Mimia
336,mai-ndombe,mushie,Bandundu,164,Mushie,Mushie,md Maindombe Province,md Mushie Zone de Santé,mushie,mai-ndombe,mushie,mushie,,md Maindombe,md Mushie
337,mai-ndombe,nioki,Bandundu,135,Nioki,Nioki,md Maindombe Province,md Nioki Zone de Santé,nioki,mai-ndombe,nioki,nioki,,md Maindombe,md Nioki
338,mai-ndombe,oshwe,Bandundu,137,Oshwe,Oshwe,md Maindombe Province,md Oshwe Zone de Santé,oshwe,mai-ndombe,oshwe,oshwe,,md Maindombe,md Oshwe
339,mai-ndombe,penzwa,Bandundu,162,Penzwa,Pendjua,md Maindombe Province,md Pendjwa Zone de Santé,pendjwa,mai-ndombe,pendjwa,pendjwa,,md Maindombe,md Pendjwa
340,mai-ndombe,tandembele,Bandundu,165,Tandembele,Ntand Embelo,md Maindombe Province,md Ntandembelo Zone de Santé,ntandembele,mai-ndombe,ntandembelo,ntandambelo,,md Maindombe,md Ntandembelo
341,mai-ndombe,yumbi,Bandundu,420,Yumbi,Yumbi,md Maindombe Province,md Yumbi Zone de Santé,yumbi,mai-ndombe,yumbi,yumbi,,md Maindombe,md Yumbi
342,maniema,alunguli,Maniema,327,Alunguli,Alunguli,mn Maniema Province,mn Alunguli Zone de Santé,alunguli,maniema,alunguli,alunguli,,mn Maniema,mn Alunguli
343,maniema,ferekeni,Maniema,402,Ferekeni,Ferekeni,mn Maniema Province,mn Ferekeni Zone de Santé,ferekeni,maniema,ferekeni,ferekeni,,mn Maniema,mn Ferekeni
344,maniema,kabambare,Maniema,382,Kabambare,Kabambare,mn Maniema Province,mn Kabambare Zone de Santé,kabambare,maniema,kabambare,kabambare,,mn Maniema,mn Kabambare
345,maniema,kailo,Maniema,454,Kailo,Kailo,mn Maniema Province,mn Kailo Zone de Santé,kailo,maniema,kailo,kailo,,mn Maniema,mn Kailo
346,maniema,kalima,Maniema,384,Kalima,Kalima,mn Maniema Province,mn Kalima Zone de Santé,kalima,maniema,kalima,kalima,,mn Maniema,mn Kalima
347,maniema,kampene,Maniema,376,Kampene,Kampene,mn Maniema Province,mn Kampene Zone de Santé,kampene,maniema,kampene,kampene,,mn Maniema,mn Kampene
348,maniema,kasongo,Maniema,356,Kasongo,Kasongo,mn Maniema Province,mn Kasongo Zone de Santé,kasongo,maniema,kasongo,kasongo,,mn Maniema,mn Kasongo
349,maniema,kibombo,Maniema,325,Kibombo,Kibombo,mn Maniema Province,mn Kibombo Zone de Santé,kibombo,maniema,kibombo,kibombo,,mn Maniema,mn Kibombo
350,maniema,kindu,Maniema,326,Kindu,Kindu,mn Maniema Province,mn Kindu Zone de Santé,kindu,maniema,kindu,kindu,,mn Maniema,mn Kindu
351,maniema,kunda,Maniema,357,Kunda,Kunda,mn Maniema Province,mn Kunda Zone de Santé,kunda,maniema,kunda,kunda,,mn Maniema,mn Kunda
352,maniema,lubutu,Maniema,405,Lubutu,Lubutu,mn Maniema Province,mn Lubutu Zone de Santé,lubutu,maniema,lubutu,lubutu,,mn Maniema,mn Lubutu
353,maniema,lusangi,Maniema,358,Lusangi,Lusangi,mn Maniema Province,mn Lusangi Zone de Santé,lusangi,maniema,lusangi,lusangi,,mn Maniema,mn Lusangi
354,maniema,obokote,Maniema,401,Obokote,Obokote,mn Maniema Province,mn Obokote Zone de Santé,obokote,maniema,obokote,obokote,,mn Maniema,mn Obokote
355,maniema,pangi,Maniema,383,Pangi,Pangi,mn Maniema Province,mn Pangi Zone de Santé,pangi,maniema,pangi,pangi,,mn Maniema,mn Pangi
356,maniema,punia,Maniema,449,Punia,Punia,mn Maniema Province,mn Punia Zone de Santé,punia,maniema,punia,punia,,mn Maniema,mn Punia
357,maniema,salamabila,Maniema,375,Salamabila,Salamabila,mn Maniema Province,mn Saramabila Zone de Santé,saramabil,maniema,saramabila,salamabila,,mn Maniema,mn Saramabila
358,maniema,samba,Maniema,355,Samba,Samba,mn Maniema Province,mn Samba Zone de Santé,samba,maniema,samba,samba,,mn Maniema,mn Samba
359,maniema,tumba,Maniema,359,Tumba,Tunda,mn Maniema Province,mn Tunda Zone de Santé,tunda,maniema,tunda,tunda,,mn Maniema,mn Tunda
360,mongala,binga,Equateur,312,Binga,Binga,mg Mongala Province,mg Binga Zone de Santé,binga,mongala,binga,binga,,mg Mongala,mg Binga
361,mongala,bongandanga,Equateur,3,Bongandanga,Bongandanga,mg Mongala Province,mg Bongandanga Zone de Santé,bongandanganda,mongala,bongandanga,bongandanga,,mg Mongala,mg Bongandanga
362,mongala,bosomanzi,Equateur,316,Bosomanzi,Bosomanzi,mg Mongala Province,mg Boso Manzi Zone de Santé,bosomanzi,mongala,boso-manzi,boso manzi,,mg Mongala,mg Boso Manzi
363,mongala,bosomondanda,Equateur,310,Bosomondanda,Bosomodanda,mg Mongala Province,mg Boso Mondanda Zone de Santé,bosomondanda,mongala,boso-mondanda,boso-modanda,,mg Mongala,mg Boso Mondanda
364,mongala,bosondjo,Equateur,394,Bosondjo,Bosondjo,mg Mongala Province,mg Bosondjo Zone de Santé,bosondjo,mongala,bosondjo,bosondjo,,mg Mongala,mg Bosondjo
365,mongala,bumba,Equateur,395,Bumba,Bumba,mg Mongala Province,mg Bumba Zone de Santé,bumba,mongala,bumba,bumba,,mg Mongala,mg Bumba
366,mongala,lisala,Equateur,314,Lisala,Lisala,mg Mongala Province,mg Lisala Zone de Santé,lisala,mongala,lisala,lisala,,mg Mongala,mg Lisala
367,mongala,lolo,Equateur,389,Lolo,Lolo,mg Mongala Province,mg Lolo Zone de Santé,lolo,mongala,lolo,lolo,,mg Mongala,mg Lolo
368,mongala,pimu,Equateur,1,Pimu,Pimu,mg Mongala Province,mg Pimu Zone de Santé,pimu,mongala,pimu,pimu,,mg Mongala,mg Pimu
369,mongala,yamaluka,Equateur,315,Yamaluka,Yamaluka,mg Mongala Province,mg Yamaluka Zone de Santé,yamaluka,mongala,yamaluka,yamaluka,,mg Mongala,mg Yamaluka
370,mongala,yambuku,Equateur,392,Yambuku,Yambuku,mg Mongala Province,mg Yambuku Zone de Santé,yambuku,mongala,yambuku,yambuku,,mg Mongala,mg Yambuku
371,mongala,yamongili,Equateur,390,Yamongili,Yamongili,mg Mongala Province,mg Yamongili Zone de Santé,yamongili,mongala,yamongili,yamongili,,mg Mongala,mg Yamongili
372,nord-kivu,alimbongo,Nord Kivu,64,Alimbongo,NA,nk Nord Kivu Province,nk Alimbongo Zone de Santé,alimbongo,nord kivu,alimbongo,alimbongo,,nk Nord Kivu,nk Alimbongo
373,nord-kivu,bambo,Nord Kivu,107,Bambo,NA,nk Nord Kivu Province,nk Bambo Zone de Santé,bambo,nord kivu,bambo,bambo,,nk Nord Kivu,nk Bambo
374,nord-kivu,beni,Nord Kivu,57,Beni,Beni,nk Nord Kivu Province,nk Beni Zone de Santé,beni,nord kivu,beni,beni,,nk Nord Kivu,nk Beni
375,nord-kivu,biena,Nord Kivu,46,Biena,Biena,nk Nord Kivu Province,nk Biena Zone de Santé,biena,nord kivu,biena,biena,,nk Nord Kivu,nk Biena
376,nord-kivu,binza,Nord Kivu,53,Binza,Binza,nk Nord Kivu Province,nk Binza Zone de Santé,binza,nord kivu,binza,binza,,nk Nord Kivu,nk Binza
377,nord-kivu,birambizo,Nord Kivu,54,Birambizo,Birambizo,nk Nord Kivu Province,nk Birambizo Zone de Santé,birambizo,nord kivu,birambizo,birambizo,,nk Nord Kivu,nk Birambizo
378,nord-kivu,butembo,Nord Kivu,60,Butembo,Butembo,nk Nord Kivu Province,nk Butembo Zone de Santé,butembo,nord kivu,butembo,butembo,,nk Nord Kivu,nk Butembo
379,nord-kivu,goma,Nord Kivu,504,Goma,Goma,nk Nord Kivu Province,nk Goma Zone de Santé,goma,nord kivu,goma,goma,,nk Nord Kivu,nk Goma
380,nord-kivu,itebero,Nord Kivu,197,Itebero,NA,nk Nord Kivu Province,nk Itebero Zone de Santé,itebero,nord kivu,itebero,itebero,,nk Nord Kivu,nk Itebero
381,nord-kivu,kalunguta,Nord Kivu,56,Kalunguta,NA,nk Nord Kivu Province,nk Kalunguta Zone de Santé,kalunguta,nord kivu,kalunguta,kalunguta,,nk Nord Kivu,nk Kalunguta
382,nord-kivu,kamango,Nord Kivu,51,Kamango,NA,nk Nord Kivu Province,nk Kamango Zone de Santé,kamango,nord kivu,kamango,kamango,,nk Nord Kivu,nk Kamango
383,nord-kivu,karisimbi,Nord Kivu,503,Karisimbi,Karisimbi,nk Nord Kivu Province,nk Karisimbi Zone de Santé,karisimbi,nord kivu,karisimbi,karisimbi,,nk Nord Kivu,nk Karisimbi
384,nord-kivu,katwa,Nord Kivu,61,Katwa,Katwa,nk Nord Kivu Province,nk Katwa Zone de Santé,katwa,nord kivu,katwa,katwa,,nk Nord Kivu,nk Katwa
385,nord-kivu,kayna,Nord Kivu,63,Kayna,Kayna,nk Nord Kivu Province,nk Kayna Zone de Santé,kayna,nord kivu,kayna,kayna,,nk Nord Kivu,nk Kayna
386,nord-kivu,kibirizi,Nord Kivu,55,Kibirizi,NA,nk Nord Kivu Province,nk Kibirizi Zone de Santé,kibirizi,nord kivu,kibirizi,kibirizi,,nk Nord Kivu,nk Kibirizi
387,nord-kivu,kibua,Nord Kivu,104,Kibua,NA,nk Nord Kivu Province,nk Kibua Zone de Santé,kibua,nord kivu,kibua,kibua,,nk Nord Kivu,nk Kibua
388,nord-kivu,kirotse,Nord Kivu,499,Kirotse,Kirotshe,nk Nord Kivu Province,nk Kirotshe Zone de Santé,kirotshe,nord kivu,kirotshe,kirotshe,,nk Nord Kivu,nk Kirotshe
389,nord-kivu,kyondo,Nord Kivu,44,Kyondo,Kyondo,nk Nord Kivu Province,nk Kyondo Zone de Santé,kyondo,nord kivu,kyondo,kyondo,,nk Nord Kivu,nk Kyondo
390,nord-kivu,lubero,Nord Kivu,48,Lubero,Lubero,nk Nord Kivu Province,nk Lubero Zone de Santé,lubero,nord kivu,lubero,lubero,,nk Nord Kivu,nk Lubero
391,nord-kivu,mabalako,Nord Kivu,45,Mabalako,NA,nk Nord Kivu Province,nk Mabalako Zone de Santé,mabalako,nord kivu,mabalako,mabalako,,nk Nord Kivu,nk Mabalako
392,nord-kivu,manguredjipa,Nord Kivu,49,Manguredjipa,Manguredjipa,nk Nord Kivu Province,nk Manguredjipa Zone de Santé,mangupa,nord kivu,manguredjipa,manguredjipa,mangurejipa,nk Nord Kivu,nk Manguredjipa
393,nord-kivu,masereka,Nord Kivu,47,Masereka,Masereka,nk Nord Kivu Province,nk Masereka Zone de Santé,masereka,nord kivu,masereka,masereka,,nk Nord Kivu,nk Masereka
394,nord-kivu,masisi,Nord Kivu,103,Kitoyi,NA,nk Nord Kivu Province,nk Katoyi Zone de Santé,masisi,nord kivu,katoyi,masisi,,nk Nord Kivu,nk Katoyi
395,nord-kivu,masisi,Nord Kivu,103,Kitoyi,NA,nk Nord Kivu Province,nk Katoyi Zone de Santé,masisi,nord kivu,katoyi,masisi,,nk Nord Kivu,nk Masisi
396,nord-kivu,masisi,Nord Kivu,105,Masisi,Masisi,nk Nord Kivu Province,nk Masisi Zone de Santé,masisi,nord kivu,masisi,masisi,,nk Nord Kivu,nk Katoyi
397,nord-kivu,masisi,Nord Kivu,105,Masisi,Masisi,nk Nord Kivu Province,nk Masisi Zone de Santé,masisi,nord kivu,masisi,masisi,,nk Nord Kivu,nk Masisi
398,nord-kivu,musienene,Nord Kivu,59,Musienene,Musienene,nk Nord Kivu Province,nk Musienene Zone de Santé,musienene,nord kivu,musienene,musienene,,nk Nord Kivu,nk Musienene
399,nord-kivu,mutwanga,Nord Kivu,50,Mutwanga,Mutwanga,nk Nord Kivu Province,nk Mutwanga Zone de Santé,mutwanga,nord kivu,mutwanga,mutwanga,,nk Nord Kivu,nk Mutwanga
400,nord-kivu,mweso,Nord Kivu,106,Mweso,Mweso,nk Nord Kivu Province,nk Mweso Zone de Santé,mweso,nord kivu,mweso,mweso,,nk Nord Kivu,nk Mweso
401,nord-kivu,nyiragongo,Nord Kivu,502,Nyiragongo,NA,nk Nord Kivu Province,nk Nyiragongo Zone de Santé,nyiragongo,nord kivu,nyiragongo,nyiragongo,,nk Nord Kivu,nk Nyiragongo
402,nord-kivu,oicha,Nord Kivu,52,Oicha,Oicha,nk Nord Kivu Province,nk Oicha Zone de Santé,oicha,nord kivu,oicha,oicha,,nk Nord Kivu,nk Oicha
403,nord-kivu,pinga,Nord Kivu,108,Pinga,Pinga,nk Nord Kivu Province,nk Pinga Zone de Santé,pinga,nord kivu,pinga,pinga,,nk Nord Kivu,nk Pinga
404,nord-kivu,rutshuru,Nord Kivu,506,Rutshuru,Rutshuru,nk Nord Kivu Province,nk Rutshuru Zone de Santé,rutshuru,nord kivu,rutshuru,rutshuru,,nk Nord Kivu,nk Rutshuru
405,nord-kivu,rwanguba,Nord Kivu,505,Rwanguba,Rwanguba,nk Nord Kivu Province,nk Rwanguba Zone de Santé,rwanguba,nord kivu,rwanguba,rwanguba,,nk Nord Kivu,nk Rwanguba
406,nord-kivu,vohovi,Nord Kivu,58,Vohovi,Vuhovi,nk Nord Kivu Province,nk Vuhovi Zone de Santé,vuhovi,nord kivu,vuhovi,vuhovi,,nk Nord Kivu,nk Vuhovi
407,nord-kivu,walikale,Nord Kivu,109,Walikale,Walikale,nk Nord Kivu Province,nk Walikale Zone de Santé,walikale,nord kivu,walikale,walikale,,nk Nord Kivu,nk Walikale
408,nord-ubangi,abuzi,Equateur,391,Abuzi,Abuzi,nu Nord Ubangi Province,nu Abuzi Zone de Santé,abuzi,nord ubangi,abuzi,abuzi,,nu Nord Ubangi,nu Abuzi
409,nord-ubangi,bili,Equateur,431,Bili,Bili,nu Nord Ubangi Province,nu Bili Zone de Santé,bili,nord ubangi,bili,bili,,nu Nord Ubangi,nu Bili
410,nord-ubangi,bili,Province Oriental,437,Bili,Bili,nu Nord Ubangi Province,nu Bili Zone de Santé,bili,nord ubangi,bili,bili,,nu Nord Ubangi,nu Bili
411,nord-ubangi,bosobolo,Equateur,430,Bosobolo,Bosobolo,nu Nord Ubangi Province,nu Bosobolo Zone de Santé,bosobolo,nord ubangi,bosobolo,bosobolo,,nu Nord Ubangi,nu Bosobolo
412,nord-ubangi,businga,Equateur,317,Businga,Businga,nu Nord Ubangi Province,nu Businga Zone de Santé,businga,nord ubangi,businga,businga,,nu Nord Ubangi,nu Businga
413,nord-ubangi,gbadolite,Equateur,432,Gbadolite,Gbadolite,nu Nord Ubangi Province,nu Gbadolite Zone de Santé,gbadolite,nord ubangi,gbadolite,gbadolite,,nu Nord Ubangi,nu Gbadolite
414,nord-ubangi,karawa,Equateur,319,Karawa,Karawa,nu Nord Ubangi Province,nu Karawa Zone de Santé,karawa,nord ubangi,karawa,karawa,,nu Nord Ubangi,nu Karawa
415,nord-ubangi,loko,Equateur,308,Loko,Loko,nu Nord Ubangi Province,nu Loko Zone de Santé,loko,nord ubangi,loko,loko,,nu Nord Ubangi,nu Loko
416,nord-ubangi,mobayi-mbongo,Equateur,433,Mobayi Mbongo,Mobayi,nu Nord Ubangi Province,nu Mobayi Mbongo Zone de Santé,mobayi mbongo,nord ubangi,mobayi-mbongo,mobayi,,nu Nord Ubangi,nu Mobayi Mbongo
417,nord-ubangi,wapinda,Equateur,393,wapinda,Wapinda,nu Nord Ubangi Province,nu Wapinda Zone de Santé,wapinda,nord ubangi,wapinda,wapinda,,nu Nord Ubangi,nu Wapinda
418,nord-ubangi,wasolo,Equateur,385,Wasolo,Wasolo,nu Nord Ubangi Province,nu Wasolo Zone de Santé,wasolo,nord ubangi,wasolo,wasolo,,nu Nord Ubangi,nu Wasolo
419,nord-ubangi,yakoma,Equateur,434,Yakoma,Yakoma,nu Nord Ubangi Province,nu Yakoma Zone de Santé,yakoma,nord ubangi,yakoma,yakoma,,nu Nord Ubangi,nu Yakoma
420,sankuru,bena-dibele,Kasai Oriental,457,Bena Dibele,Bena-Dibele,sn Sankuru Province,sn Bena Dibele Zone de Santé,bena dibele,sankuru,bena-dibele,bena dibele,,sn Sankuru,sn Bena Dibele
421,sankuru,dikungu-tshumbe,Kasai Oriental,98,Dikungu Tshumbe,Dikungu,sn Sankuru Province,sn Dikungu Zone de Santé,dikungu,sankuru,dikungu,dikungu,,sn Sankuru,sn Dikungu
422,sankuru,djalo-djeka,Kasai Oriental,102,Djalo Djeka,Djalo-Ndjeka,sn Sankuru Province,sn Djalo Djeka Zone de Santé,djalo djeka,sankuru,djalo-djeka,djalo,,sn Sankuru,sn Djalo Djeka
423,sankuru,katako-kombe,Kasai Oriental,453,Katako Kombe,Katako-Kombe,sn Sankuru Province,sn Katako Kombe Zone de Santé,kata kokombe,sankuru,katako-kombe,zsr-katako-kombe,,sn Sankuru,sn Katako Kombe
424,sankuru,kole,Kasai Oriental,65,Kole,Kole,sn Sankuru Province,sn Kole Zone de Santé,kole,sankuru,kole,kole,,sn Sankuru,sn Kole
425,sankuru,lodja,Kasai Oriental,100,Lodja,Lodja,sn Sankuru Province,sn Lodja Zone de Santé,lodja,sankuru,lodja,lodja,,sn Sankuru,sn Lodja
426,sankuru,lomela,Kasai Oriental,452,Lomela,Lomela,sn Sankuru Province,sn Lomela Zone de Santé,lomela,sankuru,lomela,lomela,,sn Sankuru,sn Lomela
427,sankuru,lusambo,Kasai Oriental,97,Lusambo,Lusambo,sn Sankuru Province,sn Lusambo Zone de Santé,lusambo,sankuru,lusambo,lusambo,,sn Sankuru,sn Lusambo
428,sankuru,minga,Kasai Oriental,96,Minga,Minga,sn Sankuru Province,sn Minga Zone de Santé,minga,sankuru,minga,minga,,sn Sankuru,sn Minga
429,sankuru,omondjadi,Kasai Oriental,101,Omondjadi,Omendjadi,sn Sankuru Province,sn Omendjadi Zone de Santé,omondjadi,sankuru,omendjadi,omedjadi,,sn Sankuru,sn Omendjadi
430,sankuru,ototo,NA,NA,NA,NA,sn Sankuru Province,sn Ototo Zone de Santé,ototo,sankuru,ototo,ototo,,sn Sankuru,sn Ototo
431,sankuru,pania-mutombo,Kasai Oriental,95,Pania Mutombo,Pania Mutombo,sn Sankuru Province,sn Pania Mutombo Zone de Santé,pania mutombo,sankuru,pania-mutombo,mpanya-mutombo,,sn Sankuru,sn Pania Mutombo
432,sankuru,tshudi-loto,Kasai Oriental,456,Tshudi Loto,Tshudi-Loto,sn Sankuru Province,sn Tshudi Loto Zone de Santé,tshudi loto,sankuru,tshudi-loto,tshudi loto,,sn Sankuru,sn Tshudi Loto
433,sankuru,tshumbe,NA,NA,NA,NA,sn Sankuru Province,sn Tshumbe Zone de Santé,tshumbe,sankuru,tshumbe,tshumbe,,sn Sankuru,sn Tshumbe
434,sankuru,vanga-kete,Kasai Oriental,99,Vanga Kete,Vanga-Kete,sn Sankuru Province,sn Vanga Kete Zone de Santé,vanga kete,sankuru,vanga-kete,vangakete,,sn Sankuru,sn Vanga Kete
435,sankuru,wembo-nyama,Kasai Oriental,62,Wembo Nyama,Wembo-Nyama,sn Sankuru Province,sn Wembo Nyama Zone de Santé,wembo nyama,sankuru,wembo-nyama,wembonyama,,sn Sankuru,sn Wembo Nyama
436,sud-kivu,bagira-kasha,Sud Kivu,234,Bagira Kasha,Bagira-Kasha,sk Sud Kivu Province,sk Bagira Zone de Santé,bagira,sud kivu,bagira,bagira,,sk Sud Kivu,sk Bagira
437,sud-kivu,bunyakiri,Sud Kivu,364,Bunyakiri,Bunyakiri,sk Sud Kivu Province,sk Bunyakiri Zone de Santé,bunyakiri,sud kivu,bunyakiri,bunyakiri,,sk Sud Kivu,sk Bunyakiri
438,sud-kivu,fizi,Sud Kivu,379,Fizi,Fizi,sk Sud Kivu Province,sk Fizi Zone de Santé,fizi,sud kivu,fizi,fizi,,sk Sud Kivu,sk Fizi
439,sud-kivu,ibanda,Sud Kivu,232,Ibanda,Ibanda,sk Sud Kivu Province,sk Ibanda Zone de Santé,ibanda,sud kivu,ibanda,ibanda,,sk Sud Kivu,sk Ibanda
440,sud-kivu,idjwi,Sud Kivu,196,Idjwi,Idjwi,sk Sud Kivu Province,sk Idjwi Zone de Santé,idjwi,sud kivu,idjwi,idjwi,,sk Sud Kivu,sk Idjwi
441,sud-kivu,itombwe,Sud Kivu,370,Itombwe,Itombwe,sk Sud Kivu Province,sk Itombwe Zone de Santé,itombwe,sud kivu,itombwe,itombwe,,sk Sud Kivu,sk Itombwe
442,sud-kivu,kabare,Sud Kivu,198,Kabare,Kabare,sk Sud Kivu Province,sk Kabare Zone de Santé,kabare,sud kivu,kabare,kabare,,sk Sud Kivu,sk Kabare
443,sud-kivu,kahele,Sud Kivu,365,Kahele,Kalehe,sk Sud Kivu Province,sk Kalehe Zone de Santé,kalehe,sud kivu,kalehe,kalehe,,sk Sud Kivu,sk Kalehe
444,sud-kivu,kakole,Sud Kivu,377,Kakole,Kalole,sk Sud Kivu Province,sk Kalole Zone de Santé,kalole,sud kivu,kalole,kalole,,sk Sud Kivu,sk Kalole
445,sud-kivu,kalonge,Sud Kivu,362,Kalonge,Kalonge,sk Sud Kivu Province,sk Kalonge Zone de Santé,kalonge,sud kivu,kalonge,kalonge,,sk Sud Kivu,sk Kalonge
446,sud-kivu,kamituga,Sud Kivu,368,Kamituga,Kamituga,sk Sud Kivu Province,sk Kamituga Zone de Santé,kamituga,sud kivu,kamituga,kamituga,,sk Sud Kivu,sk Kamituga
447,sud-kivu,kandutu,Sud Kivu,233,Kandutu,Kadutu,sk Sud Kivu Province,sk Kadutu Zone de Santé,kadutu,sud kivu,kadutu,kadutu,,sk Sud Kivu,sk Kadutu
448,sud-kivu,kaniola,Sud Kivu,361,Kaniola,Kaniola,sk Sud Kivu Province,sk Kaniola Zone de Santé,kaniola,sud kivu,kaniola,kaniola,,sk Sud Kivu,sk Kaniola
449,sud-kivu,katana,Sud Kivu,501,Katana,Katana,sk Sud Kivu Province,sk Katana Zone de Santé,katana,sud kivu,katana,katana,,sk Sud Kivu,sk Katana
450,sud-kivu,kaziba,Sud Kivu,193,Kaziba,Kaziba,sk Sud Kivu Province,sk Kaziba Zone de Santé,kaziba,sud kivu,kaziba,kaziba,,sk Sud Kivu,sk Kaziba
451,sud-kivu,kimbi-lulenge,Sud Kivu,381,Kimbi Lulenge,Kimbi Lulenge,sk Sud Kivu Province,sk Kimbi Lulenge Zone de Santé,lulenge,sud kivu,kimbi-lulenge,kimbi-lulenge,,sk Sud Kivu,sk Kimbi Lulenge
452,sud-kivu,kitutu,Sud Kivu,367,Kitutu,Kitutu,sk Sud Kivu Province,sk Kitutu Zone de Santé,kitutu,sud kivu,kitutu,kitutu,,sk Sud Kivu,sk Kitutu
453,sud-kivu,lemera,Sud Kivu,374,Lemera,Lemera,sk Sud Kivu Province,sk Lemera Zone de Santé,lemera,sud kivu,lemera,lemera,,sk Sud Kivu,sk Lemera
454,sud-kivu,lulingu,Sud Kivu,448,Lulingu,Lulingu,sk Sud Kivu Province,sk Lulingu Zone de Santé,lulingu,sud kivu,lulingu,lulingu,,sk Sud Kivu,sk Lulingu
455,sud-kivu,minembwe,Sud Kivu,371,Minembwe,Minembwe,sk Sud Kivu Province,sk Minembwe Zone de Santé,minembwe,sud kivu,minembwe,minembwe,,sk Sud Kivu,sk Minembwe
456,sud-kivu,minova,Sud Kivu,500,Minova,Minova,sk Sud Kivu Province,sk Minova Zone de Santé,minova,sud kivu,minova,minova,,sk Sud Kivu,sk Minova
457,sud-kivu,miti-murhesa,Sud Kivu,363,Miti Murhesa,Miti - Murhesa,sk Sud Kivu Province,sk Miti Murhesa Zone de Santé,miti-murhesa,sud kivu,miti-murhesa,miti- m,,sk Sud Kivu,sk Miti Murhesa
458,sud-kivu,mubumbano,Sud Kivu,199,Mubumbano,Mubumbano,sk Sud Kivu Province,sk Mubumbano Zone de Santé,mubumbano,sud kivu,mubumbano,mubumbano,,sk Sud Kivu,sk Mubumbano
459,sud-kivu,mulungu,Sud Kivu,360,Mulungu,Mulungu,sk Sud Kivu Province,sk Mulungu Zone de Santé,mulungu,sud kivu,mulungu,mulungu,,sk Sud Kivu,sk Mulungu
460,sud-kivu,mwana,Sud Kivu,192,Mwana,Mwana,sk Sud Kivu Province,sk Mwana Zone de Santé,mwana,sud kivu,mwana,mwana,,sk Sud Kivu,sk Mwana
461,sud-kivu,mwenga,Sud Kivu,369,Mwenga,Mwenga,sk Sud Kivu Province,sk Mwenga Zone de Santé,mwenga,sud kivu,mwenga,mwenga,,sk Sud Kivu,sk Mwenga
462,sud-kivu,nundu,Sud Kivu,372,Nundu,Nundu,sk Sud Kivu Province,sk Nundu Zone de Santé,nundu,sud kivu,nundu,nundu,,sk Sud Kivu,sk Nundu
463,sud-kivu,nyangezi,Sud Kivu,195,Nyangezi,Nyangezi,sk Sud Kivu Province,sk Nyangezi Zone de Santé,nyangezi,sud kivu,nyangezi,nyangezi,,sk Sud Kivu,sk Nyangezi
464,sud-kivu,nyatende,Sud Kivu,194,Nyatende,Nyantende,sk Sud Kivu Province,sk Nyantende Zone de Santé,nyantende,sud kivu,nyantende,nyantende,,sk Sud Kivu,sk Nyantende
465,sud-kivu,ruzizi,Sud Kivu,373,Ruzizi,Ruzizi,sk Sud Kivu Province,sk Ruzizi Zone de Santé,ruzizi,sud kivu,ruzizi,ruzizi,,sk Sud Kivu,sk Ruzizi
466,sud-kivu,shabunda,Sud Kivu,447,Shabunda,Shabunda Centre,sk Sud Kivu Province,sk Shabunda Zone de Santé,shabunda,sud kivu,shabunda,shabunda,,sk Sud Kivu,sk Shabunda
467,sud-kivu,uvira,Sud Kivu,366,Uvira,NA,sk Sud Kivu Province,sk Uvira Zone de Santé,bijombo,sud kivu,uvira,hauts plat,,sk Sud Kivu,sk Haut Plateau
468,sud-kivu,uvira,Sud Kivu,366,Uvira,NA,sk Sud Kivu Province,sk Uvira Zone de Santé,bijombo,sud kivu,uvira,hauts plat,,sk Sud Kivu,sk Uvira
469,sud-kivu,uvira,Sud Kivu,366,Uvira,NA,sk Sud Kivu Province,sk Uvira Zone de Santé,bijombo,sud kivu,uvira,uvira,,sk Sud Kivu,sk Haut Plateau
470,sud-kivu,uvira,Sud Kivu,366,Uvira,NA,sk Sud Kivu Province,sk Uvira Zone de Santé,bijombo,sud kivu,uvira,uvira,,sk Sud Kivu,sk Uvira
471,sud-kivu,uvira,Sud Kivu,201,Haut Plateau,Hauts Plateaux,sk Sud Kivu Province,sk Haut Plateau Zone de Santé,uvira,sud kivu,haut-plateau,hauts plat,,sk Sud Kivu,sk Haut Plateau
472,sud-kivu,uvira,Sud Kivu,201,Haut Plateau,Hauts Plateaux,sk Sud Kivu Province,sk Haut Plateau Zone de Santé,uvira,sud kivu,haut-plateau,hauts plat,,sk Sud Kivu,sk Uvira
473,sud-kivu,uvira,Sud Kivu,201,Haut Plateau,Hauts Plateaux,sk Sud Kivu Province,sk Haut Plateau Zone de Santé,uvira,sud kivu,haut-plateau,uvira,,sk Sud Kivu,sk Haut Plateau
474,sud-kivu,uvira,Sud Kivu,201,Haut Plateau,Hauts Plateaux,sk Sud Kivu Province,sk Haut Plateau Zone de Santé,uvira,sud kivu,haut-plateau,uvira,,sk Sud Kivu,sk Uvira
475,sud-kivu,uvira,Sud Kivu,366,Uvira,Uvira,sk Sud Kivu Province,sk Uvira Zone de Santé,uvira,sud kivu,uvira,hauts plat,,sk Sud Kivu,sk Haut Plateau
476,sud-kivu,uvira,Sud Kivu,366,Uvira,Uvira,sk Sud Kivu Province,sk Uvira Zone de Santé,uvira,sud kivu,uvira,hauts plat,,sk Sud Kivu,sk Uvira
477,sud-kivu,uvira,Sud Kivu,366,Uvira,Uvira,sk Sud Kivu Province,sk Uvira Zone de Santé,uvira,sud kivu,uvira,uvira,,sk Sud Kivu,sk Haut Plateau
478,sud-kivu,uvira,Sud Kivu,366,Uvira,Uvira,sk Sud Kivu Province,sk Uvira Zone de Santé,uvira,sud kivu,uvira,uvira,,sk Sud Kivu,sk Uvira
479,sud-kivu,walungu,Sud Kivu,200,Walungu,Walungu,sk Sud Kivu Province,sk Walungu Zone de Santé,walungu,sud kivu,walungu,walungu,,sk Sud Kivu,sk Walungu
480,sud-ubangi,bangabola,Equateur,309,Bangabola,Bangabola,su Sud Ubangi Province,su Bangabola Zone de Santé,bangabola,sud ubangi,bangabola,bangabola,,su Sud Ubangi,su Bangabola
481,sud-ubangi,bokonzi,Equateur,424,Bokonzi,Bokonzi,su Sud Ubangi Province,su Bokonzi Zone de Santé,bokonzi,sud ubangi,bokonzi,bokonzi,,su Sud Ubangi,su Bokonzi
482,sud-ubangi,bominenge,Equateur,320,Bominenge,Bominenge,su Sud Ubangi Province,su Bominenge Zone de Santé,bominenge,sud ubangi,bominenge,bominenge,boninenge,su Sud Ubangi,su Bominenge
483,sud-ubangi,bongosenubia,Equateur,114,Bongosenubia,Bogose nubea,su Sud Ubangi Province,su Bogosenubea Zone de Santé,bogosenusebea,sud ubangi,bogosenubea,bogose nubea,,su Sud Ubangi,su Bogosenubea
484,sud-ubangi,boto,Equateur,293,Boto,Boto,su Sud Ubangi Province,su Boto Zone de Santé,boto,sud ubangi,boto,boto,,su Sud Ubangi,su Boto
485,sud-ubangi,budjala,Equateur,311,Budjala,Budjala,su Sud Ubangi Province,su Budjala Zone de Santé,budjala,sud ubangi,budjala,budjala,,su Sud Ubangi,su Budjala
486,sud-ubangi,bulu,Equateur,323,Bulu,Bulu,su Sud Ubangi Province,su Bulu Zone de Santé,bulu,sud ubangi,bulu,bulu,,su Sud Ubangi,su Bulu
487,sud-ubangi,bwamanda,Equateur,292,Bwamanda,Bwamanda,su Sud Ubangi Province,su Bwamanda Zone de Santé,bwamanda,sud ubangi,bwamanda,bwamanda,,su Sud Ubangi,su Bwamanda
488,sud-ubangi,gemena,Equateur,321,Gemena,Gemena,su Sud Ubangi Province,su Gemena Zone de Santé,gemena,sud ubangi,gemena,gemena,,su Sud Ubangi,su Gemena
489,sud-ubangi,kungu,Equateur,294,Kungu,Kungu,su Sud Ubangi Province,su Kungu Zone de Santé,kungu,sud ubangi,kungu,kungu,,su Sud Ubangi,su Kungu
490,sud-ubangi,libenge,Equateur,429,Libenge,Libenge,su Sud Ubangi Province,su Libenge Zone de Santé,libenge,sud ubangi,libenge,libenge,,su Sud Ubangi,su Libenge
491,sud-ubangi,mawuya,Equateur,427,Mawuya,Mawuya,su Sud Ubangi Province,su Mawuya Zone de Santé,mawuya,sud ubangi,mawuya,mawuya,,su Sud Ubangi,su Mawuya
492,sud-ubangi,mbaya,Equateur,322,Mbaya,Mbaya,su Sud Ubangi Province,su Mbaya Zone de Santé,mbaya,sud ubangi,mbaya,mbaya,,su Sud Ubangi,su Mbaya
493,sud-ubangi,ndage,Equateur,318,Ndage,Ndage,su Sud Ubangi Province,su Ndage Zone de Santé,ndage,sud ubangi,ndage,ndage,,su Sud Ubangi,su Ndage
494,sud-ubangi,tandala,Equateur,324,Tandala,Tandala,su Sud Ubangi Province,su Tandala Zone de Santé,tandala,sud ubangi,tandala,tandala,,su Sud Ubangi,su Tandala
495,sud-ubangi,zongo,Equateur,428,Zongo,Zongo,su Sud Ubangi Province,su Zongo Zone de Santé,zongo,sud ubangi,zongo,zongo,,su Sud Ubangi,su Zongo
496,tanganyika,ankoro,Katanga,476,Ankoro,Ankoro,tn Tanganyika Province,tn Ankoro Zone de Santé,ankoro,tanganyika,ankoro,ankoro,,tn Tanganyika,tn Ankoro
497,tanganyika,kabalo,Katanga,466,Kabalo,Kabalo,tn Tanganyika Province,tn Kabalo Zone de Santé,kabalo,tanganyika,kabalo,kabalo,,tn Tanganyika,tn Kabalo
498,tanganyika,kalemie,Katanga,338,Kalemie,Kalemie,tn Tanganyika Province,tn Kalemie Zone de Santé,kalemi,tanganyika,kalemie,kalemie,,tn Tanganyika,tn Kalemie
499,tanganyika,kasimba,Katanga,339,Kasimba,Kansimba,tn Tanganyika Province,tn Kansimba Zone de Santé,kansimba,tanganyika,kansimba,kansimba,,tn Tanganyika,tn Kansimba
500,tanganyika,kiambi,Katanga,348,Kiambi,Kiambi,tn Tanganyika Province,tn Kiambi Zone de Santé,kiyambi,tanganyika,kiambi,kiambi,,tn Tanganyika,tn Kiambi
501,tanganyika,kongolo,Katanga,464,Kongolo,Kongolo,tn Tanganyika Province,tn Kongolo Zone de Santé,kongolo,tanganyika,kongolo,kongolo,,tn Tanganyika,tn Kongolo
502,tanganyika,manono,Katanga,349,Manono,Manono,tn Tanganyika Province,tn Manono Zone de Santé,manono,tanganyika,manono,manono,,tn Tanganyika,tn Manono
503,tanganyika,mbulala,Katanga,465,Mbulala,Mbulula,tn Tanganyika Province,tn Mbulula Zone de Santé,mbulula,tanganyika,mbulula,mbulula,,tn Tanganyika,tn Mbulula
504,tanganyika,moba,Katanga,111,Moba,Moba,tn Tanganyika Province,tn Moba Zone de Santé,moba,tanganyika,moba,moba,,tn Tanganyika,tn Moba
505,tanganyika,nyemba,Katanga,378,Nyemba,Nyemba,tn Tanganyika Province,tn Nyemba Zone de Santé,nyemba,tanganyika,nyemba,nyemba,,tn Tanganyika,tn Nyemba
506,tanganyika,nyunzu,Katanga,380,Nyunzu,Nyunzu,tn Tanganyika Province,tn Nyunzu Zone de Santé,nyunzu,tanganyika,nyunzu,nyunzu,,tn Tanganyika,tn Nyunzu
507,tshopo,bafwabogbo,Province Oriental,215,Bafwabogbo,Bafwagbogbo,tp Tshopo Province,tp Bafwagbogbo Zone de Santé,bafwagbogbo,tshopo,bafwagbogbo,bafwagbogbo,,tp Tshopo,tp Bafwagbogbo
508,tshopo,bafwasende,Province Oriental,214,Bafwasende,Bafwasende,tp Tshopo Province,tp Bafwasende Zone de Santé,bafwasende,tshopo,bafwasende,bafwasende,,tp Tshopo,tp Bafwasende
509,tshopo,banalia,Province Oriental,213,Banalia,Banalia,tp Tshopo Province,tp Banalia Zone de Santé,banalia,tshopo,banalia,banalia,,tp Tshopo,tp Banalia
510,tshopo,basali,Province Oriental,202,Basali,Basali,tp Tshopo Province,tp Basali Zone de Santé,basali,tshopo,basali,basali,,tp Tshopo,tp Basali
511,tshopo,basoko,Province Oriental,203,Basoko,Basoko,tp Tshopo Province,tp Basoko Zone de Santé,basoko,tshopo,basoko,basoko,,tp Tshopo,tp Basoko
512,tshopo,bengamisa,Province Oriental,204,Bengamisa,Bengamisa,tp Tshopo Province,tp Bengamisa Zone de Santé,bengamisa,tshopo,bengamisa,bengamisa,,tp Tshopo,tp Bengamisa
513,tshopo,isangi,Province Oriental,209,Isangi,Isangi,tp Tshopo Province,tp Isangi Zone de Santé,isangi,tshopo,isangi,isangi,,tp Tshopo,tp Isangi
514,tshopo,kabondo,Province Oriental,334,Kabondo,Kabondo,tp Tshopo Province,tp Kabondo Zone de Santé,kabondo,tshopo,kabondo,kabondo,,tp Tshopo,tp Kabondo
515,tshopo,lowa,Province Oriental,403,Lowa,Lowa,tp Tshopo Province,tp Lowa Zone de Santé,lowa,tshopo,lowa,lowa,,tp Tshopo,tp Lowa
516,tshopo,lubunga,Kasai Occidental,35,Lubunga,Lubunga,tp Tshopo Province,tp Lubunga Zone de Santé,lubunga,tshopo,lubunga,lubunga,,tp Tshopo,tp Lubunga
517,tshopo,lubunga,Province Oriental,332,Lubunga,Lubunga,tp Tshopo Province,tp Lubunga Zone de Santé,lubunga,tshopo,lubunga,lubunga,,tp Tshopo,tp Lubunga
518,tshopo,makiso-kisangani,Province Oriental,331,Makiso Kisangani,Makiso-Kisangani,tp Tshopo Province,tp Makiso Kisangani Zone de Santé,makiso k,tshopo,makiso-kisangani,makiso-kis,,tp Tshopo,tp Makiso Kisangani
519,tshopo,mangobo,Province Oriental,333,Mangobo,Mangobo,tp Tshopo Province,tp Mangobo Zone de Santé,mangobo,tshopo,mangobo,mangobo,,tp Tshopo,tp Mangobo
520,tshopo,opala,Province Oriental,451,Opala,Opala,tp Tshopo Province,tp Opala Zone de Santé,opala,tshopo,opala,opala,,tp Tshopo,tp Opala
521,tshopo,opienge,Province Oriental,400,Opienge,Opienge,tp Tshopo Province,tp Opienge Zone de Santé,opienge,tshopo,opienge,opienge,,tp Tshopo,tp Opienge
522,tshopo,tshopo,Province Oriental,335,Tshopo,Tshopo,tp Tshopo Province,tp Tshopo Zone de Santé,tshopo,tshopo,tshopo,tshopo,,tp Tshopo,tp Tshopo
523,tshopo,ubundu,Province Oriental,207,Ubundu,Ubundu,tp Tshopo Province,tp Ubundu Zone de Santé,ubundu,tshopo,ubundu,ubundu,,tp Tshopo,tp Ubundu
524,tshopo,wanie-rukula,Province Oriental,404,Wanie Rukula,Wanie-Rukula,tp Tshopo Province,tp Wanierukula Zone de Santé,wanierukula,tshopo,wanierukula,wanierukula,,tp Tshopo,tp Wanierukula
525,tshopo,yabahondo,Province Oriental,208,Yabahondo,Yabaondo,tp Tshopo Province,tp Yabaondo Zone de Santé,yabaondo,tshopo,yabaondo,yabaondo,,tp Tshopo,tp Yabaondo
526,tshopo,yahisule,Province Oriental,206,Yahisule,Yahisuli,tp Tshopo Province,tp Yahisuli Zone de Santé,yahisuli,tshopo,yahisuli,yahisuli,,tp Tshopo,tp Yahisuli
527,tshopo,yahuma,Province Oriental,399,Yahuma,Yahuma,tp Tshopo Province,tp Yahuma Zone de Santé,yahuma,tshopo,yahuma,yahuma,,tp Tshopo,tp Yahuma
528,tshopo,yakusu,Province Oriental,205,Yakusu,Yakusu,tp Tshopo Province,tp Yakusu Zone de Santé,yakusu,tshopo,yakusu,yakusu,,tp Tshopo,tp Yakusu
529,tshopo,yaleko,Province Oriental,210,Yaleko,Yaleko,tp Tshopo Province,tp Yaleko Zone de Santé,yaleko,tshopo,yaleko,yaleko,,tp Tshopo,tp Yaleko
530,tshopo,yalimbongo,Province Oriental,386,Yalimbongo,Yalimbongo,tp Tshopo Province,tp Yalimbongo Zone de Santé,yalimbongo,tshopo,yalimbongo,yalimbongo,,tp Tshopo,tp Yalimbongo
531,tshuapa,bafale,Equateur,4,Bafale,Befale,tu Tshuapa Province,tu Befale Zone de Santé,befale,tshuapa,befale,befale,,tu Tshuapa,tu Befale
532,tshuapa,boende,Equateur,303,Boende,Boende,tu Tshuapa Province,tu Boende Zone de Santé,boende,tshuapa,boende,boende,,tu Tshuapa,tu Boende
533,tshuapa,bokungu,Equateur,306,Bokungu,Bokungu,tu Tshuapa Province,tu Bokungu Zone de Santé,bokungu,tshuapa,bokungu,bokungu,,tu Tshuapa,tu Bokungu
534,tshuapa,bosanga,Equateur,305,Bosanga,Busanga,tu Tshuapa Province,tu Busanga Zone de Santé,bosanga,tshuapa,busanga,busanga,,tu Tshuapa,tu Busanga
535,tshuapa,djolu,Equateur,398,Djolu,Djolu,tu Tshuapa Province,tu Djolu Zone de Santé,djolu,tshuapa,djolu,djolu,,tu Tshuapa,tu Djolu
536,tshuapa,ikela,Equateur,450,Ikela,Ikela,tu Tshuapa Province,tu Ikela Zone de Santé,ikela,tshuapa,ikela,ikela,,tu Tshuapa,tu Ikela
537,tshuapa,lingomo,Equateur,396,Lingomo,Lingomo,tu Tshuapa Province,tu Lingomo Zone de Santé,lingomo,tshuapa,lingomo,lingomo,,tu Tshuapa,tu Lingomo
538,tshuapa,mompono,Equateur,307,Mompono,Mompono,tu Tshuapa Province,tu Mompono Zone de Santé,mompono,tshuapa,mompono,mompono,,tu Tshuapa,tu Mompono
539,tshuapa,mondombe,Equateur,397,Mondombe,Mondombe,tu Tshuapa Province,tu Mondombe Zone de Santé,mondombe,tshuapa,mondombe,mondombe,,tu Tshuapa,tu Mondombe
540,tshuapa,monkoto,Equateur,458,Monkoto,Monkoto,tu Tshuapa Province,tu Monkoto Zone de Santé,monkoto,tshuapa,monkoto,monkoto,,tu Tshuapa,tu Monkoto
541,tshuapa,wema,Equateur,304,Wema,Wema,tu Tshuapa Province,tu Wema Zone de Santé,wema,tshuapa,wema,wema,,tu Tshuapa,tu Wema
542,tshuapa,yalifafo,Equateur,455,Yalifafo,Yalifafu,tu Tshuapa Province,tu Yalifafu Zone de Santé,yalifafu,tshuapa,yalifafu,yalifafu,,tu Tshuapa,tu Yalifafu
