file_name,type,sheet,format,start_date,disease,loc_id,source,period,qtr_number,grant,pr,sr,notes
2 COD-T-CARITAS_Detailed_Budget.xlsx,fr,Budget Summary,.xlsx,"""2015-07-01""",tb/hiv,cod,gf,90,10,814,Caritas Congo,Caritas Congo ,
NFMBudget_COD-H-CORDAID_Finance.xlsx,fr,Budget Summary,.xlsx,"""2015-07-01""",hiv,cod,gf,90,10,810,"Catholic Organisation for Relief and Development Aid, Congo",,
NFMBudget_COD-H-MOH_Finance.xlsx,cat,NA,.pdf,"""2015-07-01""",hiv,cod,gf,90,9,806,MOH,"Division Provinciale Sanitaire, Programme National de Lutte Contre le Sida",
ZAR-506-G04-T_ConsolidatedSummaryBudget_26aug10.xlsx,cat,NA,.xlsx,"""2009-09-01""",tb/hiv,cod,gf,90,12,ZAR-506-G04-T,,,
ZAR-708-G06-H_Phase 2_SB_17Nov2011_Revised.xlsx,cat,NA,.xlsx,"""2012-02-01""",hiv,cod,gf,90,6,ZAR-708-G06-H,,,
COD-H-SANRU_Summay_Budget.xlsx,cat,NA,.pdf,"""2015-07-01""",hiv,cod,gf,90,10,811,,,
COD-M-SANRU_SB2.xlsx,cat,NA,.xlsx,"""2015-01-01""",malaria ,cod,gf,90,12,COD-M-SANRU-628,,,
22May12_Revised_Budget_Q10 R8_HIV.xls,gtmb,Budget résumé,.xls,"""2012-04-01""",hiv,cod,gf,90,1,unknown,,,
COD-M-PSI-SB2.xls,,Budget Summary_Finance,,"""2015-01-01""",malaria ,multiple,gf,90,12,COD-M-PSI,Population Services International,,
