loc_id,budget,disbursement,source,start_date,period,cost_category,expenditure,disease,grant_number,data_source
COBAN,150017,0,gf,1/1/2012,365,All,NA,malaria,gua_m_mspas,SICOIN
MIXCO,46900,46900,gf,1/1/2012,365,All,NA,malaria,gua_m_mspas,SICOIN
AMATITLAN,52715,52715,gf,1/1/2012,365,All,NA,malaria,gua_m_mspas,SICOIN
GUASTATOYA,13024,13024,gf,1/1/2012,365,All,NA,malaria,gua_m_mspas,SICOIN
CHIMALTENANGO,898996,898995,gf,1/1/2012,365,All,NA,malaria,gua_m_mspas,SICOIN
ESCUINTLA,1344788.08,1339690,gf,1/1/2012,365,All,NA,malaria,gua_m_mspas,SICOIN
CUILAPA,1202187,1202190,gf,1/1/2012,365,All,NA,malaria,gua_m_mspas,SICOIN
SOLOLA,31131,0,gf,1/1/2012,365,All,NA,malaria,gua_m_mspas,SICOIN
QUETZALTENANGO,140994.08,140993,gf,1/1/2012,365,All,NA,malaria,gua_m_mspas,SICOIN
MAZATENANGO,687257.08,508399,gf,1/1/2012,365,All,NA,malaria,gua_m_mspas,SICOIN
RETALHULEU,1188800.08,1188800,gf,1/1/2012,365,All,NA,malaria,gua_m_mspas,SICOIN
SAN MARCOS,955442.67,920925,gf,1/1/2012,365,All,NA,malaria,gua_m_mspas,SICOIN
HUEHUETENANGO,584008,582758,gf,1/1/2012,365,All,NA,malaria,gua_m_mspas,SICOIN
SANTA CRUZ DEL QUICHE,903163,902662,gf,1/1/2012,365,All,NA,malaria,gua_m_mspas,SICOIN
NEBAJ,59000,59000,gf,1/1/2012,365,All,NA,malaria,gua_m_mspas,SICOIN
IXCAN,407639.08,403581,gf,1/1/2012,365,All,NA,malaria,gua_m_mspas,SICOIN
SALAMA,843188.08,832091,gf,1/1/2012,365,All,NA,malaria,gua_m_mspas,SICOIN
COBAN,534832.08,534501,gf,1/1/2012,365,All,NA,malaria,gua_m_mspas,SICOIN
FLORES,446623.08,428458,gf,1/1/2012,365,All,NA,malaria,gua_m_mspas,SICOIN
SAYAXCHE,564585.08,562753,gf,1/1/2012,365,All,NA,malaria,gua_m_mspas,SICOIN
POPTUN,163371.08,163319,gf,1/1/2012,365,All,NA,malaria,gua_m_mspas,SICOIN
PUERTO BARRIOS,863656.08,845202,gf,1/1/2012,365,All,NA,malaria,gua_m_mspas,SICOIN
ZACAPA,1272832.37,1127900,gf,1/1/2012,365,All,NA,malaria,gua_m_mspas,SICOIN
CHIQUIMULA,154967.08,138180,gf,1/1/2012,365,All,NA,malaria,gua_m_mspas,SICOIN
JALAPA,1006294,726868,gf,1/1/2012,365,All,NA,malaria,gua_m_mspas,SICOIN
JUTIAPA,472141,472141,gf,1/1/2012,365,All,NA,malaria,gua_m_mspas,SICOIN
MIXCO,0,0,gf,1/1/2013,365,All,NA,malaria,gua_m_mspas,SICOIN
MULTIMUNICIPAL,932055.28,932055,gf,1/1/2013,365,All,NA,malaria,gua_m_mspas,SICOIN
CHIMALTENANGO,600120,587586,gf,1/1/2013,365,All,NA,malaria,gua_m_mspas,SICOIN
ESCUINTLA,867104,805497,gf,1/1/2013,365,All,NA,malaria,gua_m_mspas,SICOIN
CUILAPA,761000,760218,gf,1/1/2013,365,All,NA,malaria,gua_m_mspas,SICOIN
QUETZALTENANGO,20000,15600,gf,1/1/2013,365,All,NA,malaria,gua_m_mspas,SICOIN
MAZATENANGO,1155126,900081,gf,1/1/2013,365,All,NA,malaria,gua_m_mspas,SICOIN
RETALHULEU,1175160,1120126,gf,1/1/2013,365,All,NA,malaria,gua_m_mspas,SICOIN
SAN MARCOS,1043680,708610,gf,1/1/2013,365,All,NA,malaria,gua_m_mspas,SICOIN
HUEHUETENANGO,1008617,761765,gf,1/1/2013,365,All,NA,malaria,gua_m_mspas,SICOIN
SANTA CRUZ DEL QUICHE,600100,6.00E+05,gf,1/1/2013,365,All,NA,malaria,gua_m_mspas,SICOIN
IXCAN,424100,369950,gf,1/1/2013,365,All,NA,malaria,gua_m_mspas,SICOIN
SALAMA,1060584,852219,gf,1/1/2013,365,All,NA,malaria,gua_m_mspas,SICOIN
GRANADOS,0,0,gf,1/1/2013,365,All,NA,malaria,gua_m_mspas,SICOIN
COBAN,1358872,1061680,gf,1/1/2013,365,All,NA,malaria,gua_m_mspas,SICOIN
FLORES,466200,454200,gf,1/1/2013,365,All,NA,malaria,gua_m_mspas,SICOIN
SANTA ANA,295580,295023,gf,1/1/2013,365,All,NA,malaria,gua_m_mspas,SICOIN
SAYAXCHE,710834,675420,gf,1/1/2013,365,All,NA,malaria,gua_m_mspas,SICOIN
POPTUN,0,0,gf,1/1/2013,365,All,NA,malaria,gua_m_mspas,SICOIN
PUERTO BARRIOS,1466124,892003,gf,1/1/2013,365,All,NA,malaria,gua_m_mspas,SICOIN
ZACAPA,1760394,1605800,gf,1/1/2013,365,All,NA,malaria,gua_m_mspas,SICOIN
JALAPA,940416,641580,gf,1/1/2013,365,All,NA,malaria,gua_m_mspas,SICOIN
CHIMALTENANGO,0,0,gf,1/1/2014,365,All,NA,malaria,gua_m_mspas,SICOIN
SAN JOSE POAQUIL,0,0,gf,1/1/2014,365,All,NA,malaria,gua_m_mspas,SICOIN
SAN MARTIN JILOTEPEQUE,0,0,gf,1/1/2014,365,All,NA,malaria,gua_m_mspas,SICOIN
SANTA APOLONIA,0,0,gf,1/1/2014,365,All,NA,malaria,gua_m_mspas,SICOIN
POCHUTA,0,0,gf,1/1/2014,365,All,NA,malaria,gua_m_mspas,SICOIN
YEPOCAPA,0,0,gf,1/1/2014,365,All,NA,malaria,gua_m_mspas,SICOIN
ESCUINTLA,0,0,gf,1/1/2014,365,All,NA,malaria,gua_m_mspas,SICOIN
LA DEMOCRACIA,0,0,gf,1/1/2014,365,All,NA,malaria,gua_m_mspas,SICOIN
MASAGUA,0,0,gf,1/1/2014,365,All,NA,malaria,gua_m_mspas,SICOIN
LA GOMERA,0,0,gf,1/1/2014,365,All,NA,malaria,gua_m_mspas,SICOIN
CUILAPA,0,0,gf,1/1/2014,365,All,NA,malaria,gua_m_mspas,SICOIN
QUETZALTENANGO,0,0,gf,1/1/2014,365,All,NA,malaria,gua_m_mspas,SICOIN
MAZATENANGO,0,0,gf,1/1/2014,365,All,NA,malaria,gua_m_mspas,SICOIN
RETALHULEU,0,0,gf,1/1/2014,365,All,NA,malaria,gua_m_mspas,SICOIN
MALACATAN,0,0,gf,1/1/2014,365,All,NA,malaria,gua_m_mspas,SICOIN
HUEHUETENANGO,0,0,gf,1/1/2014,365,All,NA,malaria,gua_m_mspas,SICOIN
CUILCO,0,0,gf,1/1/2014,365,All,NA,malaria,gua_m_mspas,SICOIN
JOYABAJ,0,0,gf,1/1/2014,365,All,NA,malaria,gua_m_mspas,SICOIN
IXCAN,0,0,gf,1/1/2014,365,All,NA,malaria,gua_m_mspas,SICOIN
SALAMA,0,0,gf,1/1/2014,365,All,NA,malaria,gua_m_mspas,SICOIN
COBAN,0,0,gf,1/1/2014,365,All,NA,malaria,gua_m_mspas,SICOIN
FLORES,0,0,gf,1/1/2014,365,All,NA,malaria,gua_m_mspas,SICOIN
SAYAXCHE,0,0,gf,1/1/2014,365,All,NA,malaria,gua_m_mspas,SICOIN
PUERTO BARRIOS,0,0,gf,1/1/2014,365,All,NA,malaria,gua_m_mspas,SICOIN
ZACAPA,0,0,gf,1/1/2014,365,All,NA,malaria,gua_m_mspas,SICOIN
JALAPA,0,0,gf,1/1/2014,365,All,NA,malaria,gua_m_mspas,SICOIN
GUATEMALA,0,0,ghe,1/1/2011,365,TELEFONIA,0,malaria,gua_m_mspas,SICOIN
GUATEMALA,61200,19530,ghe,1/1/2011,365,DIVULGACION E INFORMACION,0,malaria,gua_m_mspas,SICOIN
GUATEMALA,48873,0,ghe,1/1/2011,365,"IMPRESION, ENCUADERNACION Y REPRODUCCION",0,malaria,gua_m_mspas,SICOIN
GUATEMALA,81145,0,ghe,1/1/2011,365,VIATICOS EN EL INTERIOR,0,malaria,gua_m_mspas,SICOIN
GUATEMALA,0,0,ghe,1/1/2011,365,ALMACENAJE,0,malaria,gua_m_mspas,SICOIN
GUATEMALA,0,0,ghe,1/1/2011,365,ARREND. DE MEDIOS DE TRANSPORTE,0,malaria,gua_m_mspas,SICOIN
GUATEMALA,0,0,ghe,1/1/2011,365,DERECHOS DE BIENES INTANGIBLES,0,malaria,gua_m_mspas,SICOIN
GUATEMALA,60642,0,ghe,1/1/2011,365,MANT. Y REP. DE  MEDIOS DE TRANSPORTE,0,malaria,gua_m_mspas,SICOIN
GUATEMALA,0,0,ghe,1/1/2011,365,MANT. Y REP. DE EDIFICIOS,0,malaria,gua_m_mspas,SICOIN
GUATEMALA,0,0,ghe,1/1/2011,365,"ESTUDIOS, INVEST. Y PROYECTOS DE FACTIBILIDAD",0,malaria,gua_m_mspas,SICOIN
GUATEMALA,0,0,ghe,1/1/2011,365,SERVICIOS MEDICO-SANITARIOS,0,malaria,gua_m_mspas,SICOIN
GUATEMALA,0,0,ghe,1/1/2011,365,"SERV. ECONOMICOS, CONTABLES Y DE AUDITORIA",0,malaria,gua_m_mspas,SICOIN
GUATEMALA,876609.68,876609.68,ghe,1/1/2011,365,OTROS ESTUDIOS Y/O SERVICIOS,0,malaria,gua_m_mspas,SICOIN
GUATEMALA,0,0,ghe,1/1/2011,365,PRIMAS Y GASTOS DE SEGUROS Y FIANZAS,0,malaria,gua_m_mspas,SICOIN
GUATEMALA,0,0,ghe,1/1/2011,365,"IMPUESTOS, DERECHOS Y TASAS",0,malaria,gua_m_mspas,SICOIN
GUATEMALA,36072,0,ghe,1/1/2011,365,SERVICIOS DE ATENCION Y PROTOCOLO,0,malaria,gua_m_mspas,SICOIN
GUATEMALA,0,0,ghe,1/1/2011,365,OTROS SERVICIOS NO PERSONALES,0,malaria,gua_m_mspas,SICOIN
GUATEMALA,25720,2580,ghe,1/1/2011,365,ALIMENTOS PARA PERSONAS,0,malaria,gua_m_mspas,SICOIN
GUATEMALA,20150,0,ghe,1/1/2011,365,ACABADOS TEXTILES,0,malaria,gua_m_mspas,SICOIN
GUATEMALA,0,0,ghe,1/1/2011,365,PRENDAS DE VESTIR,0,malaria,gua_m_mspas,SICOIN
GUATEMALA,425,0,ghe,1/1/2011,365,PAPEL DE ESCRITORIO,0,malaria,gua_m_mspas,SICOIN
GUATEMALA,28210,0,ghe,1/1/2011,365,PRODUCTOS DE PAPEL O CARTON,0,malaria,gua_m_mspas,SICOIN
GUATEMALA,0,0,ghe,1/1/2011,365,LLANTAS Y NEUMATICOS,0,malaria,gua_m_mspas,SICOIN
GUATEMALA,0,0,ghe,1/1/2011,365,ELEMENTOS Y COMPUESTOS QUIMICOS,0,malaria,gua_m_mspas,SICOIN
GUATEMALA,60000,60000,ghe,1/1/2011,365,COMBUSTIBLES Y LUBRICANTES,0,malaria,gua_m_mspas,SICOIN
GUATEMALA,0,0,ghe,1/1/2011,365,PRODUCTOS MEDICINALES Y FARMACEUTICOS,0,malaria,gua_m_mspas,SICOIN
GUATEMALA,0,0,ghe,1/1/2011,365,"TINTES, PINTURAS Y COLORANTES",0,malaria,gua_m_mspas,SICOIN
GUATEMALA,0,0,ghe,1/1/2011,365,"PRODUCTOS PLASTICOS, NYLON, VINIL Y P.V.C.",0,malaria,gua_m_mspas,SICOIN
GUATEMALA,0,0,ghe,1/1/2011,365,OTROS PRODUCTOS QUIMICOS Y CONEXOS,0,malaria,gua_m_mspas,SICOIN
GUATEMALA,20150,0,ghe,1/1/2011,365,PRODUCTOS DE ARCILLA,0,malaria,gua_m_mspas,SICOIN
GUATEMALA,0,0,ghe,1/1/2011,365,HERRAMIENTAS MENORES,0,malaria,gua_m_mspas,SICOIN
GUATEMALA,450,0,ghe,1/1/2011,365,UTILES DE OFICINA,0,malaria,gua_m_mspas,SICOIN
GUATEMALA,0,0,ghe,1/1/2011,365,UTILES DE LIMPIEZA Y PRODUCTOS SANITARIOS,0,malaria,gua_m_mspas,SICOIN
GUATEMALA,3224,0,ghe,1/1/2011,365,UTILES EDUCACIONALES Y CULTURALES,0,malaria,gua_m_mspas,SICOIN
GUATEMALA,0,0,ghe,1/1/2011,365,UTILES MENORES MEDICO-QUIRURGICOS Y DE LAB.,0,malaria,gua_m_mspas,SICOIN
GUATEMALA,10802,0,ghe,1/1/2011,365,"UTILES, ACCESORIOS Y MATERIALES ELECTRICOS",0,malaria,gua_m_mspas,SICOIN
GUATEMALA,0,0,ghe,1/1/2011,365,OTROS MATERIALES Y SUMINISTROS,0,malaria,gua_m_mspas,SICOIN
GUATEMALA,0,0,ghe,1/1/2011,365,EDIFICIOS E INSTALACIONES,0,malaria,gua_m_mspas,SICOIN
GUATEMALA,2579354,0,ghe,1/1/2011,365,EQUIPO DE OFICINA,0,malaria,gua_m_mspas,SICOIN
GUATEMALA,991380,0,ghe,1/1/2011,365,EQUIPO MEDICO-SANITARIO Y DE LABORATORIO,0,malaria,gua_m_mspas,SICOIN
GUATEMALA,61511,0,ghe,1/1/2011,365,"EQUIPO EDUCACIONAL, CULTURAL Y RECREATIVO",0,malaria,gua_m_mspas,SICOIN
GUATEMALA,5215397,0,ghe,1/1/2011,365,EQUIPO DE TRANSPORTE,0,malaria,gua_m_mspas,SICOIN
GUATEMALA,163618,0,ghe,1/1/2011,365,EQUIPO PARA COMUNICACIONES,0,malaria,gua_m_mspas,SICOIN
GUATEMALA,1771815,0,ghe,1/1/2011,365,EQUIPO DE COMPUTO,0,malaria,gua_m_mspas,SICOIN
GUATEMALA,298220,0,ghe,1/1/2011,365,OTRAS MAQUINARIAS Y EQUIPOS,0,malaria,gua_m_mspas,SICOIN
GUATEMALA,944255,938188.51,ghe,1/1/2012,365,PERSONAL PERMANENTE,0,malaria,gua_m_mspas,SICOIN
GUATEMALA,300,300,ghe,1/1/2012,365,COMPLEMENTO PERSONAL AL SALARIO DEL PERSONAL PERMANENTE,0,malaria,gua_m_mspas,SICOIN
GUATEMALA,529825,528439.39,ghe,1/1/2012,365,COMPLEMENTO POR ANTIGÜEDAD AL PERSONAL PERMANENTE,0,malaria,gua_m_mspas,SICOIN
GUATEMALA,30375,30375,ghe,1/1/2012,365,COMPLEMENTO POR CALIDAD PROFESIONAL AL PERSONAL PERMANENTE,0,malaria,gua_m_mspas,SICOIN
GUATEMALA,1743905,1750016.63,ghe,1/1/2012,365,COMPLEMENTOS ESPECIFICOS AL PERSONAL PERMANENTE,0,malaria,gua_m_mspas,SICOIN
GUATEMALA,149042,149041.04,ghe,1/1/2012,365,AGUINALDO,0,malaria,gua_m_mspas,SICOIN
GUATEMALA,148291,148290.63,ghe,1/1/2012,365,BONIFICACION ANUAL (BONO 14),0,malaria,gua_m_mspas,SICOIN
GUATEMALA,10432,10431.82,ghe,1/1/2012,365,BONO VACACIONAL,0,malaria,gua_m_mspas,SICOIN
GUATEMALA,0,0,ghe,1/1/2012,365,ENERGIA ELECTRICA,0,malaria,gua_m_mspas,SICOIN
GUATEMALA,0,0,ghe,1/1/2012,365,AGUA,0,malaria,gua_m_mspas,SICOIN
GUATEMALA,20498.76,20498.76,ghe,1/1/2012,365,TELEFONIA,0,malaria,gua_m_mspas,SICOIN
GUATEMALA,0,0,ghe,1/1/2012,365,DIVULGACION E INFORMACION,0,malaria,gua_m_mspas,SICOIN
GUATEMALA,945,945,ghe,1/1/2012,365,"IMPRESION, ENCUADERNACION Y REPRODUCCION",0,malaria,gua_m_mspas,SICOIN
GUATEMALA,0,0,ghe,1/1/2012,365,VIATICOS EN EL INTERIOR,0,malaria,gua_m_mspas,SICOIN
GUATEMALA,0,0,ghe,1/1/2012,365,ARREND. DE EDIFICIOS Y LOCALES,0,malaria,gua_m_mspas,SICOIN
GUATEMALA,9488.52,9488.52,ghe,1/1/2012,365,MANT. Y REP. DE  MEDIOS DE TRANSPORTE,0,malaria,gua_m_mspas,SICOIN
GUATEMALA,0,0,ghe,1/1/2012,365,MANT. Y REP. DE EDIFICIOS,0,malaria,gua_m_mspas,SICOIN
GUATEMALA,0,0,ghe,1/1/2012,365,"ESTUDIOS, INVEST. Y PROYECTOS DE FACTIBILIDAD",0,malaria,gua_m_mspas,SICOIN
GUATEMALA,218400,218400,ghe,1/1/2012,365,SERVICIOS MEDICO-SANITARIOS,0,malaria,gua_m_mspas,SICOIN
GUATEMALA,35000,35000,ghe,1/1/2012,365,"SERV. ECONOMICOS, CONTABLES Y DE AUDITORIA",0,malaria,gua_m_mspas,SICOIN
GUATEMALA,5964727.26,5793657.01,ghe,1/1/2012,365,OTROS ESTUDIOS Y/O SERVICIOS,0,malaria,gua_m_mspas,SICOIN
GUATEMALA,74808.51,74808.51,ghe,1/1/2012,365,PRIMAS Y GASTOS DE SEGUROS Y FIANZAS,0,malaria,gua_m_mspas,SICOIN
GUATEMALA,61326.91,61326.91,ghe,1/1/2012,365,SERVICIOS DE ATENCION Y PROTOCOLO,0,malaria,gua_m_mspas,SICOIN
GUATEMALA,0.92,0,ghe,1/1/2012,365,OTROS SERVICIOS NO PERSONALES,0,malaria,gua_m_mspas,SICOIN
GUATEMALA,1385,1385,ghe,1/1/2012,365,ALIMENTOS PARA PERSONAS,0,malaria,gua_m_mspas,SICOIN
GUATEMALA,14080.5,0,ghe,1/1/2012,365,"PROD. AGROFOREST., MADERA, CORCHO Y MANUFACT.",0,malaria,gua_m_mspas,SICOIN
GUATEMALA,900,900,ghe,1/1/2012,365,"POMEZ, CAL Y YESO",0,malaria,gua_m_mspas,SICOIN
GUATEMALA,8166.24,8166.24,ghe,1/1/2012,365,ACABADOS TEXTILES,0,malaria,gua_m_mspas,SICOIN
GUATEMALA,0,0,ghe,1/1/2012,365,PRENDAS DE VESTIR,0,malaria,gua_m_mspas,SICOIN
GUATEMALA,15654.7,15654,ghe,1/1/2012,365,PAPEL DE ESCRITORIO,0,malaria,gua_m_mspas,SICOIN
GUATEMALA,170,170,ghe,1/1/2012,365,"PAPELES COMERCIALES, CARTONES Y OTROS",0,malaria,gua_m_mspas,SICOIN
GUATEMALA,28657,28656.43,ghe,1/1/2012,365,PRODUCTOS DE PAPEL O CARTON,0,malaria,gua_m_mspas,SICOIN
GUATEMALA,41912,41912,ghe,1/1/2012,365,PRODUCTOS DE ARTES GRAFICAS,0,malaria,gua_m_mspas,SICOIN
GUATEMALA,0,0,ghe,1/1/2012,365,"LIBROS, REVISTAS Y PERIODICOS",0,malaria,gua_m_mspas,SICOIN
GUATEMALA,0,0,ghe,1/1/2012,365,LLANTAS Y NEUMATICOS,0,malaria,gua_m_mspas,SICOIN
GUATEMALA,0,0,ghe,1/1/2012,365,ELEMENTOS Y COMPUESTOS QUIMICOS,0,malaria,gua_m_mspas,SICOIN
GUATEMALA,117259.12,90000,ghe,1/1/2012,365,COMBUSTIBLES Y LUBRICANTES,0,malaria,gua_m_mspas,SICOIN
GUATEMALA,13846,13845.12,ghe,1/1/2012,365,"TINTES, PINTURAS Y COLORANTES",0,malaria,gua_m_mspas,SICOIN
GUATEMALA,14408,14408,ghe,1/1/2012,365,"PRODUCTOS PLASTICOS, NYLON, VINIL Y P.V.C.",0,malaria,gua_m_mspas,SICOIN
GUATEMALA,0,0,ghe,1/1/2012,365,PRODUCTOS DE ARCILLA,0,malaria,gua_m_mspas,SICOIN
GUATEMALA,0,0,ghe,1/1/2012,365,PRODUCTOS DE VIDRIO,0,malaria,gua_m_mspas,SICOIN
GUATEMALA,0,0,ghe,1/1/2012,365,PRODUCTOS DE LOZA Y PORCELANA,0,malaria,gua_m_mspas,SICOIN
GUATEMALA,17100,17100,ghe,1/1/2012,365,PRODUCTOS DE METAL,0,malaria,gua_m_mspas,SICOIN
GUATEMALA,77723.8,77723.8,ghe,1/1/2012,365,HERRAMIENTAS MENORES,0,malaria,gua_m_mspas,SICOIN
GUATEMALA,77505.64,77505.64,ghe,1/1/2012,365,UTILES DE OFICINA,0,malaria,gua_m_mspas,SICOIN
GUATEMALA,1732,1731.25,ghe,1/1/2012,365,UTILES DE LIMPIEZA Y PRODUCTOS SANITARIOS,0,malaria,gua_m_mspas,SICOIN
GUATEMALA,0.12,0,ghe,1/1/2012,365,UTILES MENORES MEDICO-QUIRURGICOS Y DE LAB.,0,malaria,gua_m_mspas,SICOIN
GUATEMALA,0,0,ghe,1/1/2012,365,UTILES DE COCINA Y COMEDOR,0,malaria,gua_m_mspas,SICOIN
GUATEMALA,0,0,ghe,1/1/2012,365,EDIFICIOS E INSTALACIONES,0,malaria,gua_m_mspas,SICOIN
GUATEMALA,451681,451681,ghe,1/1/2012,365,EQUIPO DE OFICINA,0,malaria,gua_m_mspas,SICOIN
GUATEMALA,0,0,ghe,1/1/2012,365,EQUIPO MEDICO-SANITARIO Y DE LABORATORIO,0,malaria,gua_m_mspas,SICOIN
GUATEMALA,0,0,ghe,1/1/2012,365,"EQUIPO EDUCACIONAL, CULTURAL Y RECREATIVO",0,malaria,gua_m_mspas,SICOIN
GUATEMALA,0,0,ghe,1/1/2012,365,EQUIPO DE TRANSPORTE,0,malaria,gua_m_mspas,SICOIN
GUATEMALA,0,0,ghe,1/1/2012,365,EQUIPO PARA COMUNICACIONES,0,malaria,gua_m_mspas,SICOIN
GUATEMALA,0,0,ghe,1/1/2012,365,EQUIPO DE COMPUTO,0,malaria,gua_m_mspas,SICOIN
GUATEMALA,0,0,ghe,1/1/2012,365,OTRAS MAQUINARIAS Y EQUIPOS,0,malaria,gua_m_mspas,SICOIN
GUATEMALA,0,0,ghe,1/1/2012,365,MANT. Y REP. DE EDIFICIOS,0,malaria,gua_m_mspas,SICOIN
MIXCO,46900,46900,ghe,1/1/2012,365,MANT. Y REP. DE EDIFICIOS,0,malaria,gua_m_mspas,SICOIN
GUATEMALA,5710,5710,ghe,1/1/2012,365,EQUIPO DE OFICINA,0,malaria,gua_m_mspas,SICOIN
AMATITLAN,35015,35015,ghe,1/1/2012,365,MANT. Y REP. DE EDIFICIOS,0,malaria,gua_m_mspas,SICOIN
AMATITLAN,17700,17700,ghe,1/1/2012,365,EQUIPO MEDICO-SANITARIO Y DE LABORATORIO,0,malaria,gua_m_mspas,SICOIN
GUASTATOYA,0,0,ghe,1/1/2012,365,MANT. Y REP. DE EDIFICIOS,0,malaria,gua_m_mspas,SICOIN
GUASTATOYA,0,0,ghe,1/1/2012,365,EQUIPO DE OFICINA,0,malaria,gua_m_mspas,SICOIN
GUASTATOYA,7065,7065,ghe,1/1/2012,365,EQUIPO MEDICO-SANITARIO Y DE LABORATORIO,0,malaria,gua_m_mspas,SICOIN
GUASTATOYA,5959,5959,ghe,1/1/2012,365,OTRAS MAQUINARIAS Y EQUIPOS,0,malaria,gua_m_mspas,SICOIN
CHIMALTENANGO,39276,39276,ghe,1/1/2012,365,VIATICOS EN EL INTERIOR,0,malaria,gua_m_mspas,SICOIN
CHIMALTENANGO,110782,110782,ghe,1/1/2012,365,MANT. Y REP. DE EDIFICIOS,0,malaria,gua_m_mspas,SICOIN
CHIMALTENANGO,415150,415150,ghe,1/1/2012,365,OTROS ESTUDIOS Y/O SERVICIOS,0,malaria,gua_m_mspas,SICOIN
CHIMALTENANGO,44880,44880,ghe,1/1/2012,365,COMBUSTIBLES Y LUBRICANTES,0,malaria,gua_m_mspas,SICOIN
CHIMALTENANGO,8997,8997,ghe,1/1/2012,365,EQUIPO DE OFICINA,0,malaria,gua_m_mspas,SICOIN
CHIMALTENANGO,8846,8845.2,ghe,1/1/2012,365,EQUIPO MEDICO-SANITARIO Y DE LABORATORIO,0,malaria,gua_m_mspas,SICOIN
CHIMALTENANGO,231185,231185,ghe,1/1/2012,365,EQUIPO DE TRANSPORTE,0,malaria,gua_m_mspas,SICOIN
CHIMALTENANGO,35890,35890,ghe,1/1/2012,365,EQUIPO DE COMPUTO,0,malaria,gua_m_mspas,SICOIN
CHIMALTENANGO,3990,3990,ghe,1/1/2012,365,OTRAS MAQUINARIAS Y EQUIPOS,0,malaria,gua_m_mspas,SICOIN
ESCUINTLA,0,0,ghe,1/1/2012,365,JORNALES,0,malaria,gua_m_mspas,SICOIN
ESCUINTLA,37800,37800,ghe,1/1/2012,365,VIATICOS EN EL INTERIOR,0,malaria,gua_m_mspas,SICOIN
ESCUINTLA,0.08,0,ghe,1/1/2012,365,MANT. Y REP. DE EDIFICIOS,0,malaria,gua_m_mspas,SICOIN
ESCUINTLA,561450,558450,ghe,1/1/2012,365,OTROS ESTUDIOS Y/O SERVICIOS,0,malaria,gua_m_mspas,SICOIN
ESCUINTLA,89400,89400,ghe,1/1/2012,365,COMBUSTIBLES Y LUBRICANTES,0,malaria,gua_m_mspas,SICOIN
ESCUINTLA,13549,13548.3,ghe,1/1/2012,365,ESTRUCTURAS METALICAS ACABADAS,0,malaria,gua_m_mspas,SICOIN
ESCUINTLA,27519,25425,ghe,1/1/2012,365,EQUIPO DE OFICINA,0,malaria,gua_m_mspas,SICOIN
ESCUINTLA,26400,26399.52,ghe,1/1/2012,365,EQUIPO MEDICO-SANITARIO Y DE LABORATORIO,0,malaria,gua_m_mspas,SICOIN
ESCUINTLA,541680,541680,ghe,1/1/2012,365,EQUIPO DE TRANSPORTE,0,malaria,gua_m_mspas,SICOIN
ESCUINTLA,34990,34989.58,ghe,1/1/2012,365,EQUIPO DE COMPUTO,0,malaria,gua_m_mspas,SICOIN
ESCUINTLA,12000,12000,ghe,1/1/2012,365,OTRAS MAQUINARIAS Y EQUIPOS,0,malaria,gua_m_mspas,SICOIN
CUILAPA,53622,53622,ghe,1/1/2012,365,VIATICOS EN EL INTERIOR,0,malaria,gua_m_mspas,SICOIN
CUILAPA,124448,124448,ghe,1/1/2012,365,MANT. Y REP. DE EDIFICIOS,0,malaria,gua_m_mspas,SICOIN
CUILAPA,555500,555500,ghe,1/1/2012,365,OTROS ESTUDIOS Y/O SERVICIOS,0,malaria,gua_m_mspas,SICOIN
CUILAPA,89405,89404.77,ghe,1/1/2012,365,COMBUSTIBLES Y LUBRICANTES,0,malaria,gua_m_mspas,SICOIN
CUILAPA,5625,5625,ghe,1/1/2012,365,EQUIPO DE OFICINA,0,malaria,gua_m_mspas,SICOIN
CUILAPA,10800,10800,ghe,1/1/2012,365,EQUIPO MEDICO-SANITARIO Y DE LABORATORIO,0,malaria,gua_m_mspas,SICOIN
CUILAPA,319800,319800,ghe,1/1/2012,365,EQUIPO DE TRANSPORTE,0,malaria,gua_m_mspas,SICOIN
CUILAPA,37028,37027.22,ghe,1/1/2012,365,EQUIPO DE COMPUTO,0,malaria,gua_m_mspas,SICOIN
CUILAPA,5959,5959,ghe,1/1/2012,365,OTRAS MAQUINARIAS Y EQUIPOS,0,malaria,gua_m_mspas,SICOIN
SOLOLA,0,0,ghe,1/1/2012,365,MANT. Y REP. DE EDIFICIOS,0,malaria,gua_m_mspas,SICOIN
SOLOLA,9450,0,ghe,1/1/2012,365,EQUIPO DE OFICINA,0,malaria,gua_m_mspas,SICOIN
SOLOLA,17691,0,ghe,1/1/2012,365,EQUIPO MEDICO-SANITARIO Y DE LABORATORIO,0,malaria,gua_m_mspas,SICOIN
SOLOLA,3990,0,ghe,1/1/2012,365,OTRAS MAQUINARIAS Y EQUIPOS,0,malaria,gua_m_mspas,SICOIN
QUETZALTENANGO,98604.08,98603.95,ghe,1/1/2012,365,MANT. Y REP. DE EDIFICIOS,0,malaria,gua_m_mspas,SICOIN
QUETZALTENANGO,15990,15990,ghe,1/1/2012,365,EQUIPO DE OFICINA,0,malaria,gua_m_mspas,SICOIN
QUETZALTENANGO,26400,26399.52,ghe,1/1/2012,365,EQUIPO MEDICO-SANITARIO Y DE LABORATORIO,0,malaria,gua_m_mspas,SICOIN
QUETZALTENANGO,0,0,ghe,1/1/2012,365,OTRAS MAQUINARIAS Y EQUIPOS,0,malaria,gua_m_mspas,SICOIN
MAZATENANGO,8390,8390,ghe,1/1/2012,365,VIATICOS EN EL INTERIOR,0,malaria,gua_m_mspas,SICOIN
MAZATENANGO,0.08,0,ghe,1/1/2012,365,MANT. Y REP. DE EDIFICIOS,0,malaria,gua_m_mspas,SICOIN
MAZATENANGO,325035,323182.27,ghe,1/1/2012,365,OTROS ESTUDIOS Y/O SERVICIOS,0,malaria,gua_m_mspas,SICOIN
MAZATENANGO,0,0,ghe,1/1/2012,365,COMBUSTIBLES Y LUBRICANTES,0,malaria,gua_m_mspas,SICOIN
MAZATENANGO,30600,30600,ghe,1/1/2012,365,EQUIPO DE OFICINA,0,malaria,gua_m_mspas,SICOIN
MAZATENANGO,32400,32400,ghe,1/1/2012,365,EQUIPO MEDICO-SANITARIO Y DE LABORATORIO,0,malaria,gua_m_mspas,SICOIN
MAZATENANGO,246165,69160,ghe,1/1/2012,365,EQUIPO DE TRANSPORTE,0,malaria,gua_m_mspas,SICOIN
MAZATENANGO,38708,38708,ghe,1/1/2012,365,EQUIPO DE COMPUTO,0,malaria,gua_m_mspas,SICOIN
MAZATENANGO,5959,5959,ghe,1/1/2012,365,OTRAS MAQUINARIAS Y EQUIPOS,0,malaria,gua_m_mspas,SICOIN
RETALHULEU,60240,60240,ghe,1/1/2012,365,VIATICOS EN EL INTERIOR,0,malaria,gua_m_mspas,SICOIN
RETALHULEU,107400.08,107400,ghe,1/1/2012,365,MANT. Y REP. DE EDIFICIOS,0,malaria,gua_m_mspas,SICOIN
RETALHULEU,881000,881000,ghe,1/1/2012,365,OTROS ESTUDIOS Y/O SERVICIOS,0,malaria,gua_m_mspas,SICOIN
RETALHULEU,89400,89400,ghe,1/1/2012,365,COMBUSTIBLES Y LUBRICANTES,0,malaria,gua_m_mspas,SICOIN
RETALHULEU,15975,15975,ghe,1/1/2012,365,EQUIPO DE OFICINA,0,malaria,gua_m_mspas,SICOIN
RETALHULEU,0,0,ghe,1/1/2012,365,EQUIPO MEDICO-SANITARIO Y DE LABORATORIO,0,malaria,gua_m_mspas,SICOIN
RETALHULEU,0,0,ghe,1/1/2012,365,EQUIPO DE TRANSPORTE,0,malaria,gua_m_mspas,SICOIN
RETALHULEU,34785,34785,ghe,1/1/2012,365,EQUIPO DE COMPUTO,0,malaria,gua_m_mspas,SICOIN
RETALHULEU,0,0,ghe,1/1/2012,365,OTRAS MAQUINARIAS Y EQUIPOS,0,malaria,gua_m_mspas,SICOIN
SAN MARCOS,64800,61680,ghe,1/1/2012,365,VIATICOS EN EL INTERIOR,0,malaria,gua_m_mspas,SICOIN
SAN MARCOS,29729.92,0,ghe,1/1/2012,365,MANT. Y REP. DE EDIFICIOS,0,malaria,gua_m_mspas,SICOIN
SAN MARCOS,94654.16,94654.16,ghe,1/1/2012,365,MANTENIMIENTO Y REPARAIÓN DE BIENES NACIONALES DE USO NO COMÚN,0,malaria,gua_m_mspas,SICOIN
SAN MARCOS,639827.59,639827.57,ghe,1/1/2012,365,OTROS ESTUDIOS Y/O SERVICIOS,0,malaria,gua_m_mspas,SICOIN
SAN MARCOS,89447,89360,ghe,1/1/2012,365,COMBUSTIBLES Y LUBRICANTES,0,malaria,gua_m_mspas,SICOIN
SAN MARCOS,1580,0,ghe,1/1/2012,365,EQUIPO DE OFICINA,0,malaria,gua_m_mspas,SICOIN
SAN MARCOS,0,0,ghe,1/1/2012,365,EQUIPO MEDICO-SANITARIO Y DE LABORATORIO,0,malaria,gua_m_mspas,SICOIN
SAN MARCOS,0,0,ghe,1/1/2012,365,EQUIPO DE TRANSPORTE,0,malaria,gua_m_mspas,SICOIN
SAN MARCOS,35404,35403.12,ghe,1/1/2012,365,EQUIPO DE COMPUTO,0,malaria,gua_m_mspas,SICOIN
SAN MARCOS,0,0,ghe,1/1/2012,365,OTRAS MAQUINARIAS Y EQUIPOS,0,malaria,gua_m_mspas,SICOIN
HUEHUETENANGO,51120,51120,ghe,1/1/2012,365,VIATICOS EN EL INTERIOR,0,malaria,gua_m_mspas,SICOIN
HUEHUETENANGO,0,0,ghe,1/1/2012,365,MANT. Y REP. DE EDIFICIOS,0,malaria,gua_m_mspas,SICOIN
HUEHUETENANGO,375500,375500,ghe,1/1/2012,365,OTROS ESTUDIOS Y/O SERVICIOS,0,malaria,gua_m_mspas,SICOIN
HUEHUETENANGO,82645,82645,ghe,1/1/2012,365,COMBUSTIBLES Y LUBRICANTES,0,malaria,gua_m_mspas,SICOIN
HUEHUETENANGO,19150,17900,ghe,1/1/2012,365,EQUIPO DE OFICINA,0,malaria,gua_m_mspas,SICOIN
HUEHUETENANGO,14130,14130,ghe,1/1/2012,365,EQUIPO MEDICO-SANITARIO Y DE LABORATORIO,0,malaria,gua_m_mspas,SICOIN
HUEHUETENANGO,0,0,ghe,1/1/2012,365,EQUIPO DE TRANSPORTE,0,malaria,gua_m_mspas,SICOIN
HUEHUETENANGO,35504,35504,ghe,1/1/2012,365,EQUIPO DE COMPUTO,0,malaria,gua_m_mspas,SICOIN
HUEHUETENANGO,5959,5959,ghe,1/1/2012,365,OTRAS MAQUINARIAS Y EQUIPOS,0,malaria,gua_m_mspas,SICOIN
SANTA CRUZ DEL QUICHE,54960,54960,ghe,1/1/2012,365,VIATICOS EN EL INTERIOR,0,malaria,gua_m_mspas,SICOIN
SANTA CRUZ DEL QUICHE,0,0,ghe,1/1/2012,365,MANT. Y REP. DE EDIFICIOS,0,malaria,gua_m_mspas,SICOIN
SANTA CRUZ DEL QUICHE,385599,385598.39,ghe,1/1/2012,365,OTROS ESTUDIOS Y/O SERVICIOS,0,malaria,gua_m_mspas,SICOIN
SANTA CRUZ DEL QUICHE,89400,89400,ghe,1/1/2012,365,COMBUSTIBLES Y LUBRICANTES,0,malaria,gua_m_mspas,SICOIN
SANTA CRUZ DEL QUICHE,9958,9949,ghe,1/1/2012,365,EQUIPO DE OFICINA,0,malaria,gua_m_mspas,SICOIN
SANTA CRUZ DEL QUICHE,17889,17759.84,ghe,1/1/2012,365,EQUIPO MEDICO-SANITARIO Y DE LABORATORIO,0,malaria,gua_m_mspas,SICOIN
SANTA CRUZ DEL QUICHE,295580,295385,ghe,1/1/2012,365,EQUIPO DE TRANSPORTE,0,malaria,gua_m_mspas,SICOIN
SANTA CRUZ DEL QUICHE,37127,37001,ghe,1/1/2012,365,EQUIPO DE COMPUTO,0,malaria,gua_m_mspas,SICOIN
SANTA CRUZ DEL QUICHE,6000,5959,ghe,1/1/2012,365,OTRAS MAQUINARIAS Y EQUIPOS,0,malaria,gua_m_mspas,SICOIN
IXCAN,0,0,ghe,1/1/2012,365,VIATICOS EN EL INTERIOR,0,malaria,gua_m_mspas,SICOIN
IXCAN,31048.08,31048.08,ghe,1/1/2012,365,MANT. Y REP. DE EDIFICIOS,0,malaria,gua_m_mspas,SICOIN
IXCAN,207244,207243.53,ghe,1/1/2012,365,OTROS ESTUDIOS Y/O SERVICIOS,0,malaria,gua_m_mspas,SICOIN
IXCAN,89447,89447,ghe,1/1/2012,365,COMBUSTIBLES Y LUBRICANTES,0,malaria,gua_m_mspas,SICOIN
IXCAN,0,0,ghe,1/1/2012,365,EQUIPO DE OFICINA,0,malaria,gua_m_mspas,SICOIN
IXCAN,51870,51870,ghe,1/1/2012,365,EQUIPO DE TRANSPORTE,0,malaria,gua_m_mspas,SICOIN
IXCAN,28030,23972,ghe,1/1/2012,365,EQUIPO DE COMPUTO,0,malaria,gua_m_mspas,SICOIN
IXCAN,0,0,ghe,1/1/2012,365,OTRAS MAQUINARIAS Y EQUIPOS,0,malaria,gua_m_mspas,SICOIN
SALAMA,21444,21444,ghe,1/1/2012,365,VIATICOS EN EL INTERIOR,0,malaria,gua_m_mspas,SICOIN
SALAMA,0.08,0,ghe,1/1/2012,365,MANT. Y REP. DE EDIFICIOS,0,malaria,gua_m_mspas,SICOIN
SALAMA,655425,655425,ghe,1/1/2012,365,OTROS ESTUDIOS Y/O SERVICIOS,0,malaria,gua_m_mspas,SICOIN
SALAMA,89447,89447,ghe,1/1/2012,365,COMBUSTIBLES Y LUBRICANTES,0,malaria,gua_m_mspas,SICOIN
SALAMA,12500,7403,ghe,1/1/2012,365,EQUIPO DE OFICINA,0,malaria,gua_m_mspas,SICOIN
SALAMA,26400,26399.52,ghe,1/1/2012,365,EQUIPO MEDICO-SANITARIO Y DE LABORATORIO,0,malaria,gua_m_mspas,SICOIN
SALAMA,0,0,ghe,1/1/2012,365,EQUIPO DE TRANSPORTE,0,malaria,gua_m_mspas,SICOIN
SALAMA,31972,31972,ghe,1/1/2012,365,EQUIPO DE COMPUTO,0,malaria,gua_m_mspas,SICOIN
SALAMA,6000,0,ghe,1/1/2012,365,OTRAS MAQUINARIAS Y EQUIPOS,0,malaria,gua_m_mspas,SICOIN
COBAN,0,0,ghe,1/1/2012,365,VIATICOS EN EL INTERIOR,0,malaria,gua_m_mspas,SICOIN
COBAN,0.08,0,ghe,1/1/2012,365,MANT. Y REP. DE EDIFICIOS,0,malaria,gua_m_mspas,SICOIN
COBAN,445414,445084.14,ghe,1/1/2012,365,OTROS ESTUDIOS Y/O SERVICIOS,0,malaria,gua_m_mspas,SICOIN
COBAN,89418,89417.3,ghe,1/1/2012,365,COMBUSTIBLES Y LUBRICANTES,0,malaria,gua_m_mspas,SICOIN
COBAN,0,0,ghe,1/1/2012,365,EQUIPO DE OFICINA,0,malaria,gua_m_mspas,SICOIN
COBAN,0,0,ghe,1/1/2012,365,EQUIPO MEDICO-SANITARIO Y DE LABORATORIO,0,malaria,gua_m_mspas,SICOIN
COBAN,0,0,ghe,1/1/2012,365,EQUIPO DE TRANSPORTE,0,malaria,gua_m_mspas,SICOIN
COBAN,0,0,ghe,1/1/2012,365,EQUIPO DE COMPUTO,0,malaria,gua_m_mspas,SICOIN
COBAN,0,0,ghe,1/1/2012,365,OTRAS MAQUINARIAS Y EQUIPOS,0,malaria,gua_m_mspas,SICOIN
FLORES,54000,50760,ghe,1/1/2012,365,VIATICOS EN EL INTERIOR,0,malaria,gua_m_mspas,SICOIN
FLORES,31048.08,31030.5,ghe,1/1/2012,365,MANT. Y REP. DE EDIFICIOS,0,malaria,gua_m_mspas,SICOIN
FLORES,355575,340708.84,ghe,1/1/2012,365,OTROS ESTUDIOS Y/O SERVICIOS,0,malaria,gua_m_mspas,SICOIN
FLORES,6000,5959,ghe,1/1/2012,365,OTRAS MAQUINARIAS Y EQUIPOS,0,malaria,gua_m_mspas,SICOIN
PUERTO BARRIOS,65060,65060,ghe,1/1/2012,365,VIATICOS EN EL INTERIOR,0,malaria,gua_m_mspas,SICOIN
PUERTO BARRIOS,16829.08,0,ghe,1/1/2012,365,MANT. Y REP. DE EDIFICIOS,0,malaria,gua_m_mspas,SICOIN
PUERTO BARRIOS,585025,583447.72,ghe,1/1/2012,365,OTROS ESTUDIOS Y/O SERVICIOS,0,malaria,gua_m_mspas,SICOIN
PUERTO BARRIOS,89447,89400,ghe,1/1/2012,365,COMBUSTIBLES Y LUBRICANTES,0,malaria,gua_m_mspas,SICOIN
PUERTO BARRIOS,20490,20490,ghe,1/1/2012,365,EQUIPO DE OFICINA,0,malaria,gua_m_mspas,SICOIN
PUERTO BARRIOS,32400,32400,ghe,1/1/2012,365,EQUIPO MEDICO-SANITARIO Y DE LABORATORIO,0,malaria,gua_m_mspas,SICOIN
PUERTO BARRIOS,0,0,ghe,1/1/2012,365,EQUIPO DE TRANSPORTE,0,malaria,gua_m_mspas,SICOIN
PUERTO BARRIOS,36528,36527.56,ghe,1/1/2012,365,EQUIPO DE COMPUTO,0,malaria,gua_m_mspas,SICOIN
PUERTO BARRIOS,17877,17877,ghe,1/1/2012,365,OTRAS MAQUINARIAS Y EQUIPOS,0,malaria,gua_m_mspas,SICOIN
ZACAPA,61314,61314,ghe,1/1/2012,365,VIATICOS EN EL INTERIOR,0,malaria,gua_m_mspas,SICOIN
ZACAPA,30900.08,30900,ghe,1/1/2012,365,MANT. Y REP. DE EDIFICIOS,0,malaria,gua_m_mspas,SICOIN
ZACAPA,821298.29,821297.98,ghe,1/1/2012,365,OTROS ESTUDIOS Y/O SERVICIOS,0,malaria,gua_m_mspas,SICOIN
ZACAPA,89447,89447,ghe,1/1/2012,365,COMBUSTIBLES Y LUBRICANTES,0,malaria,gua_m_mspas,SICOIN
ZACAPA,38520,36595,ghe,1/1/2012,365,EQUIPO DE OFICINA,0,malaria,gua_m_mspas,SICOIN
ZACAPA,44289,21195,ghe,1/1/2012,365,EQUIPO MEDICO-SANITARIO Y DE LABORATORIO,0,malaria,gua_m_mspas,SICOIN
ZACAPA,137204,17290,ghe,1/1/2012,365,EQUIPO DE TRANSPORTE,0,malaria,gua_m_mspas,SICOIN
ZACAPA,37942,37941.58,ghe,1/1/2012,365,EQUIPO DE COMPUTO,0,malaria,gua_m_mspas,SICOIN
ZACAPA,11918,11918,ghe,1/1/2012,365,OTRAS MAQUINARIAS Y EQUIPOS,0,malaria,gua_m_mspas,SICOIN
CHIQUIMULA,6461.08,0,ghe,1/1/2012,365,MANT. Y REP. DE EDIFICIOS,0,malaria,gua_m_mspas,SICOIN
CHIQUIMULA,86811,86811,ghe,1/1/2012,365,MANTENIMIENTO Y REPARAIÓN DE BIENES NACIONALES DE USO NO COMÚN,0,malaria,gua_m_mspas,SICOIN
CHIQUIMULA,19916,19010,ghe,1/1/2012,365,EQUIPO DE OFICINA,0,malaria,gua_m_mspas,SICOIN
CHIQUIMULA,35779,26399.52,ghe,1/1/2012,365,EQUIPO MEDICO-SANITARIO Y DE LABORATORIO,0,malaria,gua_m_mspas,SICOIN
CHIQUIMULA,6000,5959,ghe,1/1/2012,365,OTRAS MAQUINARIAS Y EQUIPOS,0,malaria,gua_m_mspas,SICOIN
JALAPA,56400,56400,ghe,1/1/2012,365,VIATICOS EN EL INTERIOR,0,malaria,gua_m_mspas,SICOIN
JALAPA,0,0,ghe,1/1/2012,365,MANT. Y REP. DE EDIFICIOS,0,malaria,gua_m_mspas,SICOIN
JALAPA,460400,460400,ghe,1/1/2012,365,OTROS ESTUDIOS Y/O SERVICIOS,0,malaria,gua_m_mspas,SICOIN
JALAPA,74305,74304.17,ghe,1/1/2012,365,COMBUSTIBLES Y LUBRICANTES,0,malaria,gua_m_mspas,SICOIN
JALAPA,9958,4580,ghe,1/1/2012,365,EQUIPO DE OFICINA,0,malaria,gua_m_mspas,SICOIN
JALAPA,17889,7065,ghe,1/1/2012,365,EQUIPO MEDICO-SANITARIO Y DE LABORATORIO,0,malaria,gua_m_mspas,SICOIN
JALAPA,338723,75500,ghe,1/1/2012,365,EQUIPO DE TRANSPORTE,0,malaria,gua_m_mspas,SICOIN
JALAPA,42202,42202,ghe,1/1/2012,365,EQUIPO DE COMPUTO,0,malaria,gua_m_mspas,SICOIN
JALAPA,6417,6417,ghe,1/1/2012,365,OTRAS MAQUINARIAS Y EQUIPOS,0,malaria,gua_m_mspas,SICOIN
JUTIAPA,438294,438293.9,ghe,1/1/2012,365,MANT. Y REP. DE EDIFICIOS,0,malaria,gua_m_mspas,SICOIN
JUTIAPA,9575,9575,ghe,1/1/2012,365,EQUIPO DE OFICINA,0,malaria,gua_m_mspas,SICOIN
JUTIAPA,17599,17599,ghe,1/1/2012,365,EQUIPO MEDICO-SANITARIO Y DE LABORATORIO,0,malaria,gua_m_mspas,SICOIN
JUTIAPA,6673,6673,ghe,1/1/2012,365,OTRAS MAQUINARIAS Y EQUIPOS,0,malaria,gua_m_mspas,SICOIN
SAYAXCHE,0,0,ghe,1/1/2012,365,VIATICOS EN EL INTERIOR,0,malaria,gua_m_mspas,SICOIN
SAYAXCHE,31048.08,31048.08,ghe,1/1/2012,365,MANT. Y REP. DE EDIFICIOS,0,malaria,gua_m_mspas,SICOIN
SAYAXCHE,363550,363550,ghe,1/1/2012,365,OTROS ESTUDIOS Y/O SERVICIOS,0,malaria,gua_m_mspas,SICOIN
SAYAXCHE,10000,8170,ghe,1/1/2012,365,LLANTAS Y NEUMATICOS,0,malaria,gua_m_mspas,SICOIN
SAYAXCHE,110447,110444.8,ghe,1/1/2012,365,COMBUSTIBLES Y LUBRICANTES,0,malaria,gua_m_mspas,SICOIN
SAYAXCHE,13000,13000,ghe,1/1/2012,365,"TINTES, PINTURAS Y COLORANTES",0,malaria,gua_m_mspas,SICOIN
SAYAXCHE,0,0,ghe,1/1/2012,365,EQUIPO DE OFICINA,0,malaria,gua_m_mspas,SICOIN
SAYAXCHE,0,0,ghe,1/1/2012,365,EQUIPO DE TRANSPORTE,0,malaria,gua_m_mspas,SICOIN
SAYAXCHE,36540,36539.76,ghe,1/1/2012,365,EQUIPO DE COMPUTO,0,malaria,gua_m_mspas,SICOIN
SAYAXCHE,0,0,ghe,1/1/2012,365,OTRAS MAQUINARIAS Y EQUIPOS,0,malaria,gua_m_mspas,SICOIN
POPTUN,0,0,ghe,1/1/2012,365,VIATICOS EN EL INTERIOR,0,malaria,gua_m_mspas,SICOIN
POPTUN,31048.08,31043.16,ghe,1/1/2012,365,MANT. Y REP. DE EDIFICIOS,0,malaria,gua_m_mspas,SICOIN
POPTUN,89446,89400,ghe,1/1/2012,365,COMBUSTIBLES Y LUBRICANTES,0,malaria,gua_m_mspas,SICOIN
POPTUN,0,0,ghe,1/1/2012,365,EQUIPO DE OFICINA,0,malaria,gua_m_mspas,SICOIN
POPTUN,0,0,ghe,1/1/2012,365,EQUIPO DE TRANSPORTE,0,malaria,gua_m_mspas,SICOIN
POPTUN,36977,36976.2,ghe,1/1/2012,365,EQUIPO DE COMPUTO,0,malaria,gua_m_mspas,SICOIN
POPTUN,5900,5900,ghe,1/1/2012,365,OTRAS MAQUINARIAS Y EQUIPOS,0,malaria,gua_m_mspas,SICOIN
GUATEMALA,31112,0,ghe,1/1/2012,365,MANT. Y REP. DE EDIFICIOS,0,malaria,gua_m_mspas,SICOIN
GUATEMALA,0,0,ghe,1/1/2012,365,MAQUINARIA Y EQUIPO DE PRODUCCION,0,malaria,gua_m_mspas,SICOIN
GUATEMALA,9958,9900,ghe,1/1/2012,365,EQUIPO DE OFICINA,0,malaria,gua_m_mspas,SICOIN
GUATEMALA,3451,0,ghe,1/1/2012,365,EQUIPO MEDICO-SANITARIO Y DE LABORATORIO,0,malaria,gua_m_mspas,SICOIN
SANTA CRUZ DEL QUICHE,6650,6650,ghe,1/1/2012,365,EQUIPO DE OFICINA,0,malaria,gua_m_mspas,SICOIN
NEBAJ,0,0,ghe,1/1/2012,365,MANT. Y REP. DE EDIFICIOS,0,malaria,gua_m_mspas,SICOIN
NEBAJ,0,0,ghe,1/1/2012,365,"PROD. AGROFOREST., MADERA, CORCHO Y MANUFACT.",0,malaria,gua_m_mspas,SICOIN
NEBAJ,0,0,ghe,1/1/2012,365,"PIEDRA, ARCILLA Y ARENA",0,malaria,gua_m_mspas,SICOIN
NEBAJ,0,0,ghe,1/1/2012,365,"PRODUCTOS PLASTICOS, NYLON, VINIL Y P.V.C.",0,malaria,gua_m_mspas,SICOIN
NEBAJ,0,0,ghe,1/1/2012,365,OTROS PRODUCTOS QUIMICOS Y CONEXOS,0,malaria,gua_m_mspas,SICOIN
NEBAJ,0,0,ghe,1/1/2012,365,PRODUCTOS DE LOZA Y PORCELANA,0,malaria,gua_m_mspas,SICOIN
NEBAJ,0,0,ghe,1/1/2012,365,CEMENTO,0,malaria,gua_m_mspas,SICOIN
NEBAJ,0,0,ghe,1/1/2012,365,"PROD. DE CEMENTO, POMEZ, ASBESTO Y YESO",0,malaria,gua_m_mspas,SICOIN
NEBAJ,0,0,ghe,1/1/2012,365,PRODUCTOS SIDERURGICOS,0,malaria,gua_m_mspas,SICOIN
NEBAJ,0,0,ghe,1/1/2012,365,PRODUCTOS DE METAL,0,malaria,gua_m_mspas,SICOIN
NEBAJ,0,0,ghe,1/1/2012,365,ESTRUCTURAS METALICAS ACABADAS,0,malaria,gua_m_mspas,SICOIN
NEBAJ,0,0,ghe,1/1/2012,365,"UTILES, ACCESORIOS Y MATERIALES ELECTRICOS",0,malaria,gua_m_mspas,SICOIN
NEBAJ,0,0,ghe,1/1/2012,365,OTROS MATERIALES Y SUMINISTROS,0,malaria,gua_m_mspas,SICOIN
NEBAJ,53600,53600,ghe,1/1/2012,365,EQUIPO MEDICO-SANITARIO Y DE LABORATORIO,0,malaria,gua_m_mspas,SICOIN
NEBAJ,5400,5400,ghe,1/1/2012,365,OTRAS MAQUINARIAS Y EQUIPOS,0,malaria,gua_m_mspas,SICOIN
GUATEMALA,8121600,5134134.11,ghe,1/1/2016,365,"PERSONAL ADMINISTRATIVO, TÉCNICO, PROFESIONAL Y OPERATIVO",0,malaria,gua_m_mspas,SICOIN
GUATEMALA,473056,432346.53,ghe,1/1/2016,365,TELEFONIA,0,malaria,gua_m_mspas,SICOIN
GUATEMALA,0,0,ghe,1/1/2016,365,DIVULGACION E INFORMACION,0,malaria,gua_m_mspas,SICOIN
GUATEMALA,1000,652.9,ghe,1/1/2016,365,"IMPRESION, ENCUADERNACION Y REPRODUCCION",0,malaria,gua_m_mspas,SICOIN
GUATEMALA,88520,0,ghe,1/1/2016,365,VIATICOS EN EL EXTERIOR,0,malaria,gua_m_mspas,SICOIN
GUATEMALA,50000,0,ghe,1/1/2016,365,VIATICOS EN EL INTERIOR,0,malaria,gua_m_mspas,SICOIN
GUATEMALA,3930.16,3930.16,ghe,1/1/2016,365,OTROS VIATICOS Y GASTOS CONEXOS,0,malaria,gua_m_mspas,SICOIN
GUATEMALA,0,0,ghe,1/1/2016,365,TRANSPORTE DE PERSONAS,0,malaria,gua_m_mspas,SICOIN
GUATEMALA,18519.84,0,ghe,1/1/2016,365,ARREND. DE MEDIOS DE TRANSPORTE,0,malaria,gua_m_mspas,SICOIN
GUATEMALA,10000,5766.07,ghe,1/1/2016,365,MANT. Y REP. DE  EQUIPO DE OFICINA,0,malaria,gua_m_mspas,SICOIN
GUATEMALA,14250,14250,ghe,1/1/2016,365,"MANT. Y REP. DE EQUIPO MEDICO, SANITARIO Y DE LAB.",0,malaria,gua_m_mspas,SICOIN
GUATEMALA,107275.62,107275.62,ghe,1/1/2016,365,MANT. Y REP. DE  MEDIOS DE TRANSPORTE,0,malaria,gua_m_mspas,SICOIN
GUATEMALA,2000,0,ghe,1/1/2016,365,MANT. Y REP. DE EDIFICIOS,0,malaria,gua_m_mspas,SICOIN
GUATEMALA,2.00E+05,0,ghe,1/1/2016,365,"ESTUDIOS, INVEST. Y PROYECTOS DE FACTIBILIDAD",0,malaria,gua_m_mspas,SICOIN
GUATEMALA,5000,0,ghe,1/1/2016,365,SERVICIOS JURIDICOS,0,malaria,gua_m_mspas,SICOIN
GUATEMALA,44500,0,ghe,1/1/2016,365,"SERV. ECONOMICOS, CONTABLES Y DE AUDITORIA",0,malaria,gua_m_mspas,SICOIN
GUATEMALA,51822.02,51822.02,ghe,1/1/2016,365,SERVICIOS DE CAPACITACION,0,malaria,gua_m_mspas,SICOIN
GUATEMALA,48177.98,0,ghe,1/1/2016,365,SERV. DE INFORMATICA Y SISTEMAS COMPUT.,0,malaria,gua_m_mspas,SICOIN
GUATEMALA,210178.64,210178.64,ghe,1/1/2016,365,PRIMAS Y GASTOS DE SEGUROS Y FIANZAS,0,malaria,gua_m_mspas,SICOIN
GUATEMALA,20992.79,20992.79,ghe,1/1/2016,365,"IMPUESTOS, DERECHOS Y TASAS",0,malaria,gua_m_mspas,SICOIN
GUATEMALA,493302.95,451725.06,ghe,1/1/2016,365,SERVICIOS DE ATENCION Y PROTOCOLO,0,malaria,gua_m_mspas,SICOIN
GUATEMALA,92500,39726.32,ghe,1/1/2016,365,ALIMENTOS PARA PERSONAS,0,malaria,gua_m_mspas,SICOIN
GUATEMALA,5000,0,ghe,1/1/2016,365,"PRODUCTOS AGROFORESTALES, MADERA, CORCHO Y SUS MANUFACTURAS",0,malaria,gua_m_mspas,SICOIN
GUATEMALA,5000,0,ghe,1/1/2016,365,"POMEZ, CAL Y YESO",0,malaria,gua_m_mspas,SICOIN
GUATEMALA,0,0,ghe,1/1/2016,365,HILADOS Y TELAS,0,malaria,gua_m_mspas,SICOIN
GUATEMALA,20495,12026.79,ghe,1/1/2016,365,PAPEL DE ESCRITORIO,0,malaria,gua_m_mspas,SICOIN
GUATEMALA,2310.72,2310.72,ghe,1/1/2016,365,"PAPELES COMERCIALES, CARTONES Y OTROS",0,malaria,gua_m_mspas,SICOIN
GUATEMALA,7010,2042.41,ghe,1/1/2016,365,PRODUCTOS DE PAPEL O CARTON,0,malaria,gua_m_mspas,SICOIN
GUATEMALA,10546.87,10546.87,ghe,1/1/2016,365,PRODUCTOS DE ARTES GRAFICAS,0,malaria,gua_m_mspas,SICOIN
GUATEMALA,116665.18,116665.18,ghe,1/1/2016,365,LLANTAS Y NEUMATICOS,0,malaria,gua_m_mspas,SICOIN
GUATEMALA,304964,80357.14,ghe,1/1/2016,365,COMBUSTIBLES Y LUBRICANTES,0,malaria,gua_m_mspas,SICOIN
GUATEMALA,1000,0,ghe,1/1/2016,365,"INSECTICIDAS, FUMIGANTES Y SIMILARES",0,malaria,gua_m_mspas,SICOIN
GUATEMALA,65025,0,ghe,1/1/2016,365,"TINTES, PINTURAS Y COLORANTES",0,malaria,gua_m_mspas,SICOIN
GUATEMALA,15050,0,ghe,1/1/2016,365,"PRODUCTOS PLASTICOS, NYLON, VINIL Y P.V.C.",0,malaria,gua_m_mspas,SICOIN
GUATEMALA,0,0,ghe,1/1/2016,365,OTROS PRODUCTOS QUIMICOS Y CONEXOS,0,malaria,gua_m_mspas,SICOIN
GUATEMALA,0,0,ghe,1/1/2016,365,HERRAMIENTAS MENORES,0,malaria,gua_m_mspas,SICOIN
GUATEMALA,157243.23,0,ghe,1/1/2016,365,UTILES DE OFICINA,0,malaria,gua_m_mspas,SICOIN
GUATEMALA,8982,0,ghe,1/1/2016,365,UTILES DE LIMPIEZA Y PRODUCTOS SANITARIOS,0,malaria,gua_m_mspas,SICOIN
GUATEMALA,0,0,ghe,1/1/2016,365,UTILES EDUCACIONALES Y CULTURALES,0,malaria,gua_m_mspas,SICOIN
GUATEMALA,84982,0,ghe,1/1/2016,365,UTILES MENORES MEDICO-QUIRURGICOS Y DE LAB.,0,malaria,gua_m_mspas,SICOIN
GUATEMALA,0,0,ghe,1/1/2016,365,UTILES DE COCINA Y COMEDOR,0,malaria,gua_m_mspas,SICOIN
GUATEMALA,0,0,ghe,1/1/2016,365,"UTILES, ACCESORIOS Y MATERIALES ELECTRICOS",0,malaria,gua_m_mspas,SICOIN
GUATEMALA,0,0,ghe,1/1/2016,365,OTROS MATERIALES Y SUMINISTROS,0,malaria,gua_m_mspas,SICOIN
GUATEMALA,6258607,6258605.41,ghe,1/1/2004,365,PROGRAMA NACIONAL DE PREVENCION Y CONTROL DEL SIDA,0,hiv,gtm_304_g01_h,SICOIN
GUATEMALA,10392200,10300860.42,ghe,1/1/2005,365,PROGRAMA NACIONAL DE PREVENCION DEL SIDA,0,hiv,gtm_304_g01_h,SICOIN
GUATEMALA,12934096,12924693.78,ghe,1/1/2005,365,PROGRAMA NACIONAL DE PREVENCION DEL SIDA,0,hiv,gtm_304_g01_h,SICOIN
GUATEMALA,2.00E+07,19999999.11,ghe,1/1/2006,365,PROGRAMA NACIONAL DE PREVENCION DEL SIDA,0,hiv,gtm_304_g01_h,SICOIN
GUATEMALA,39355387,39208938.85,ghe,1/1/2007,365,PROGRAMA NACIONAL DE PREVENCION DEL SIDA,0,hiv,gtm_304_g01_h,SICOIN
GUATEMALA,30104754,29836373.01,ghe,1/1/2008,365,PROGRAMA NACIONAL DE PREVENCION DEL SIDA,0,hiv,gtm_304_g01_h,SICOIN
GUATEMALA,25432174.62,24355538.36,ghe,1/1/2009,365,PROGRAMA NACIONAL DE PREVENCION DEL SIDA,0,hiv,gtm_304_g01_h,SICOIN
GUATEMALA,1341680,1329470.72,ghe,1/1/2009,365,PROGRAMA NACIONAL DE PREVENCION DEL SIDA,0,hiv,gtm_304_g01_h,SICOIN
GUATEMALA,7984937.69,7809932.19,ghe,1/1/2010,365,PROGRAMA NACIONAL DE PREVENCION DEL SIDA,0,hiv,gtm_304_g01_h,SICOIN
GUATEMALA,34729538.31,34589303.12,ghe,1/1/2010,365,PROGRAMA NACIONAL DE PREVENCION DEL SIDA,0,hiv,gtm_304_g01_h,SICOIN
SACATEPEQUEZ,90000,90000,ghe,1/1/2010,365,PROGRAMA NACIONAL DE PREVENCION DEL SIDA,0,hiv,gtm_304_g01_h,SICOIN
SANTA ROSA,89568,0,ghe,1/1/2010,365,PROGRAMA NACIONAL DE PREVENCION DEL SIDA,0,hiv,gtm_304_g01_h,SICOIN
QUETZALTENANGO,90671,0,ghe,1/1/2010,365,PROGRAMA NACIONAL DE PREVENCION DEL SIDA,0,hiv,gtm_304_g01_h,SICOIN
HUEHUETENANGO,90000,83970,ghe,1/1/2010,365,PROGRAMA NACIONAL DE PREVENCION DEL SIDA,0,hiv,gtm_304_g01_h,SICOIN
IZABAL,89901,30381,ghe,1/1/2010,365,PROGRAMA NACIONAL DE PREVENCION DEL SIDA,0,hiv,gtm_304_g01_h,SICOIN
ZACAPA,90000,90000,ghe,1/1/2010,365,PROGRAMA NACIONAL DE PREVENCION DEL SIDA,0,hiv,gtm_304_g01_h,SICOIN
GUATEMALA,39820275.3,39382562.29,ghe,1/1/2011,365,PREVENCION Y CONTROL DEL VIH/SIDA,0,hiv,gua_311_g06_h,SICOIN
EL PROGRESO,123432,123430.75,ghe,1/1/2011,365,PREVENCION Y CONTROL DEL VIH/SIDA,0,hiv,gua_311_g06_h,SICOIN
SACATEPEQUEZ,1504408.05,1498408.05,ghe,1/1/2011,365,PREVENCION Y CONTROL DEL VIH/SIDA,0,hiv,gua_311_g06_h,SICOIN
CHIMALTENANGO,192047.23,192047.23,ghe,1/1/2011,365,PREVENCION Y CONTROL DEL VIH/SIDA,0,hiv,gua_311_g06_h,SICOIN
ESCUINTLA,393405.71,370680.11,ghe,1/1/2011,365,PREVENCION Y CONTROL DEL VIH/SIDA,0,hiv,gua_311_g06_h,SICOIN
SANTA ROSA,796636,796620.6,ghe,1/1/2011,365,PREVENCION Y CONTROL DEL VIH/SIDA,0,hiv,gua_311_g06_h,SICOIN
SOLOLA,119527,119527,ghe,1/1/2011,365,PREVENCION Y CONTROL DEL VIH/SIDA,0,hiv,gua_311_g06_h,SICOIN
TOTONICAPAN,160000,127469.5,ghe,1/1/2011,365,PREVENCION Y CONTROL DEL VIH/SIDA,0,hiv,gua_311_g06_h,SICOIN
QUETZALTENANGO,1350447.8,1338648,ghe,1/1/2011,365,PREVENCION Y CONTROL DEL VIH/SIDA,0,hiv,gua_311_g06_h,SICOIN
QUETZALTENANGO,89880,89880,ghe,1/1/2011,365,PREVENCION Y CONTROL DEL VIH/SIDA,0,hiv,gua_311_g06_h,SICOIN
SUCHITEPEQUEZ,194054.52,193054.52,ghe,1/1/2011,365,PREVENCION Y CONTROL DEL VIH/SIDA,0,hiv,gua_311_g06_h,SICOIN
RETALHULEU,181774,166164,ghe,1/1/2011,365,PREVENCION Y CONTROL DEL VIH/SIDA,0,hiv,gua_311_g06_h,SICOIN
SAN MARCOS,3.00E+05,178459.4,ghe,1/1/2011,365,PREVENCION Y CONTROL DEL VIH/SIDA,0,hiv,gua_311_g06_h,SICOIN
HUEHUETENANGO,1175715,1170603,ghe,1/1/2011,365,PREVENCION Y CONTROL DEL VIH/SIDA,0,hiv,gua_311_g06_h,SICOIN
QUICHE,95080,94080,ghe,1/1/2011,365,PREVENCION Y CONTROL DEL VIH/SIDA,0,hiv,gua_311_g06_h,SICOIN
QUICHE,1.00E+05,99038.25,ghe,1/1/2011,365,PREVENCION Y CONTROL DEL VIH/SIDA,0,hiv,gua_311_g06_h,SICOIN
QUICHE,90088,90080,ghe,1/1/2011,365,PREVENCION Y CONTROL DEL VIH/SIDA,0,hiv,gua_311_g06_h,SICOIN
BAJA VERAPAZ,157515.5,143485.5,ghe,1/1/2011,365,PREVENCION Y CONTROL DEL VIH/SIDA,0,hiv,gua_311_g06_h,SICOIN
ALTA VERAPAZ,199794.92,197938.92,ghe,1/1/2011,365,PREVENCION Y CONTROL DEL VIH/SIDA,0,hiv,gua_311_g06_h,SICOIN
PETEN,196424,192424,ghe,1/1/2011,365,PREVENCION Y CONTROL DEL VIH/SIDA,0,hiv,gua_311_g06_h,SICOIN
PETEN,106182,106181.1,ghe,1/1/2011,365,PREVENCION Y CONTROL DEL VIH/SIDA,0,hiv,gua_311_g06_h,SICOIN
PETEN,148450,148431.18,ghe,1/1/2011,365,PREVENCION Y CONTROL DEL VIH/SIDA,0,hiv,gua_311_g06_h,SICOIN
IZABAL,774323.7,774323.07,ghe,1/1/2011,365,PREVENCION Y CONTROL DEL VIH/SIDA,0,hiv,gua_311_g06_h,SICOIN
ZACAPA,1099960,1081098.3,ghe,1/1/2011,365,PREVENCION Y CONTROL DEL VIH/SIDA,0,hiv,gua_311_g06_h,SICOIN
CHIQUIMULA,2.00E+05,191486,ghe,1/1/2011,365,PREVENCION Y CONTROL DEL VIH/SIDA,0,hiv,gua_311_g06_h,SICOIN
JALAPA,2.00E+05,199936.88,ghe,1/1/2011,365,PREVENCION Y CONTROL DEL VIH/SIDA,0,hiv,gua_311_g06_h,SICOIN
JUTIAPA,2.00E+05,198161,ghe,1/1/2011,365,PREVENCION Y CONTROL DEL VIH/SIDA,0,hiv,gua_311_g06_h,SICOIN
GUATEMALA,9999,9999,ghe,1/1/2011,365,PREVENCION Y CONTROL DEL VIH/SIDA,0,hiv,gua_311_g06_h,SICOIN
EL PROGRESO,0,0,ghe,1/1/2011,365,PREVENCION Y CONTROL DEL VIH/SIDA,0,hiv,gua_311_g06_h,SICOIN
SOLOLA,0,0,ghe,1/1/2011,365,PREVENCION Y CONTROL DEL VIH/SIDA,0,hiv,gua_311_g06_h,SICOIN
RETALHULEU,0,0,ghe,1/1/2011,365,PREVENCION Y CONTROL DEL VIH/SIDA,0,hiv,gua_311_g06_h,SICOIN
PETEN,0,0,ghe,1/1/2011,365,PREVENCION Y CONTROL DEL VIH/SIDA,0,hiv,gua_311_g06_h,SICOIN
PETEN,0,0,ghe,1/1/2011,365,PREVENCION Y CONTROL DEL VIH/SIDA,0,hiv,gua_311_g06_h,SICOIN
GUATEMALA,6174023.22,3702078.94,ghe,1/1/2011,365,PREVENCION Y CONTROL DEL VIH/SIDA,0,hiv,gua_311_g06_h,SICOIN
SOLOLA,0,0,ghe,1/1/2011,365,PREVENCION Y CONTROL DEL VIH/SIDA,0,hiv,gua_311_g06_h,SICOIN
GUATEMALA,39688726,39488107.02,ghe,1/1/2012,365,PREVENCIÓN DE ITS Y VIH/SIDA,0,hiv,gua_311_g06_h,SICOIN
SACATEPEQUEZ,454800,448800,ghe,1/1/2012,365,PREVENCIÓN DE ITS Y VIH/SIDA,0,hiv,gua_311_g06_h,SICOIN
PETEN,90000,89217.2,ghe,1/1/2012,365,PREVENCIÓN DE ITS Y VIH/SIDA,0,hiv,gua_311_g06_h,SICOIN
IZABAL,87486,87452.95,ghe,1/1/2012,365,PREVENCIÓN DE ITS Y VIH/SIDA,0,hiv,gua_311_g06_h,SICOIN
GUATEMALA,9744323,7998820.9,ghe,1/1/2012,365,PREVENCIÓN DE ITS Y VIH/SIDA,0,hiv,gua_311_g06_h,SICOIN
GUATEMALA,29372941,27039162.99,ghe,1/1/2012,365,"PREVENCIÓN DE ITS, VIH/SIDA",0,hiv,gua_311_g06_h,SICOIN
GUATEMALA,8002780,6713064.76,ghe,1/1/2012,365,"DIAGNÓSTICO Y TRATAMIENTO DE ITS, VIH/SIDA",0,hiv,gua_311_g06_h,SICOIN
GUATEMALA,298724,301224,ghe,1/1/2012,365,VÍCTIMAS/SOBREVIVIENTES ATENDIDAS POR VIOLENCIA SEXUAL,0,hiv,gua_311_g06_h,SICOIN
GUATEMALA,0,0,ghe,1/1/2012,365,"PREVENCIÓN DE ITS, VIH/SIDA",0,hiv,gua_311_g06_h,SICOIN
GUATEMALA,18184,18184,ghe,1/1/2012,365,"DIAGNÓSTICO Y TRATAMIENTO DE ITS, VIH/SIDA",0,hiv,gua_311_g06_h,SICOIN
GUATEMALA,6041,6041,ghe,1/1/2012,365,"PREVENCIÓN DE ITS, VIH/SIDA",0,hiv,gua_311_g06_h,SICOIN
GUATEMALA,44657.89,44491.89,ghe,1/1/2012,365,"DIAGNÓSTICO Y TRATAMIENTO DE ITS, VIH/SIDA",0,hiv,gua_311_g06_h,SICOIN
GUATEMALA,2812,0,ghe,1/1/2012,365,VÍCTIMAS/SOBREVIVIENTES ATENDIDAS POR VIOLENCIA SEXUAL,0,hiv,gua_311_g06_h,SICOIN
GUATEMALA,20929,18125,ghe,1/1/2012,365,"PREVENCIÓN DE ITS, VIH/SIDA",0,hiv,gua_311_g06_h,SICOIN
GUATEMALA,10236,10000,ghe,1/1/2012,365,"DIAGNÓSTICO Y TRATAMIENTO DE ITS, VIH/SIDA",0,hiv,gua_311_g06_h,SICOIN
GUATEMALA,48012,47619.4,ghe,1/1/2012,365,"DIAGNÓSTICO Y TRATAMIENTO DE ITS, VIH/SIDA",0,hiv,gua_311_g06_h,SICOIN
GUATEMALA,10997,10997,ghe,1/1/2012,365,"PREVENCIÓN DE ITS, VIH/SIDA",0,hiv,gua_311_g06_h,SICOIN
GUATEMALA,22410.11,22063.98,ghe,1/1/2012,365,"DIAGNÓSTICO Y TRATAMIENTO DE ITS, VIH/SIDA",0,hiv,gua_311_g06_h,SICOIN
GUATEMALA,2273,2273,ghe,1/1/2012,365,VÍCTIMAS/SOBREVIVIENTES ATENDIDAS POR VIOLENCIA SEXUAL,0,hiv,gua_311_g06_h,SICOIN
GUATEMALA,0,0,ghe,1/1/2012,365,"PREVENCIÓN DE ITS, VIH/SIDA",0,hiv,gua_311_g06_h,SICOIN
GUATEMALA,5800,5800,ghe,1/1/2012,365,"DIAGNÓSTICO Y TRATAMIENTO DE ITS, VIH/SIDA",0,hiv,gua_311_g06_h,SICOIN
GUATEMALA,2500,2500,ghe,1/1/2012,365,VÍCTIMAS/SOBREVIVIENTES ATENDIDAS POR VIOLENCIA SEXUAL,0,hiv,gua_311_g06_h,SICOIN
GUATEMALA,127246,118715,ghe,1/1/2012,365,"PREVENCIÓN DE ITS, VIH/SIDA",0,hiv,gua_311_g06_h,SICOIN
GUATEMALA,99539,99400,ghe,1/1/2012,365,"DIAGNÓSTICO Y TRATAMIENTO DE ITS, VIH/SIDA",0,hiv,gua_311_g06_h,SICOIN
GUATEMALA,36522,36514,ghe,1/1/2012,365,VÍCTIMAS/SOBREVIVIENTES ATENDIDAS POR VIOLENCIA SEXUAL,0,hiv,gua_311_g06_h,SICOIN
GUATEMALA,1640,0,ghe,1/1/2012,365,"PREVENCIÓN DE ITS, VIH/SIDA",0,hiv,gua_311_g06_h,SICOIN
GUATEMALA,3280,3280,ghe,1/1/2012,365,"DIAGNÓSTICO Y TRATAMIENTO DE ITS, VIH/SIDA",0,hiv,gua_311_g06_h,SICOIN
GUATEMALA,24860,22400,ghe,1/1/2012,365,"PREVENCIÓN DE ITS, VIH/SIDA",0,hiv,gua_311_g06_h,SICOIN
GUATEMALA,50777,37600,ghe,1/1/2012,365,"DIAGNÓSTICO Y TRATAMIENTO DE ITS, VIH/SIDA",0,hiv,gua_311_g06_h,SICOIN
GUATEMALA,1600,1600,ghe,1/1/2012,365,"PREVENCIÓN DE ITS, VIH/SIDA",0,hiv,gua_311_g06_h,SICOIN
GUATEMALA,11200,9100,ghe,1/1/2012,365,"DIAGNÓSTICO Y TRATAMIENTO DE ITS, VIH/SIDA",0,hiv,gua_311_g06_h,SICOIN
GUATEMALA,725,725,ghe,1/1/2012,365,VÍCTIMAS/SOBREVIVIENTES ATENDIDAS POR VIOLENCIA SEXUAL,0,hiv,gua_311_g06_h,SICOIN
GUATEMALA,3234,3234,ghe,1/1/2012,365,"PREVENCIÓN DE ITS, VIH/SIDA",0,hiv,gua_311_g06_h,SICOIN
GUATEMALA,7039,5800,ghe,1/1/2012,365,"DIAGNÓSTICO Y TRATAMIENTO DE ITS, VIH/SIDA",0,hiv,gua_311_g06_h,SICOIN
GUATEMALA,1206,970.6,ghe,1/1/2012,365,VÍCTIMAS/SOBREVIVIENTES ATENDIDAS POR VIOLENCIA SEXUAL,0,hiv,gua_311_g06_h,SICOIN
GUATEMALA,6966,6966,ghe,1/1/2012,365,"PREVENCIÓN DE ITS, VIH/SIDA",0,hiv,gua_311_g06_h,SICOIN
GUATEMALA,20486,21379,ghe,1/1/2012,365,"DIAGNÓSTICO Y TRATAMIENTO DE ITS, VIH/SIDA",0,hiv,gua_311_g06_h,SICOIN
GUATEMALA,420,380,ghe,1/1/2012,365,"PREVENCIÓN DE ITS, VIH/SIDA",0,hiv,gua_311_g06_h,SICOIN
GUATEMALA,5,356.75,ghe,1/1/2012,365,"DIAGNÓSTICO Y TRATAMIENTO DE ITS, VIH/SIDA",0,hiv,gua_311_g06_h,SICOIN
GUATEMALA,740,740,ghe,1/1/2012,365,"PREVENCIÓN DE ITS, VIH/SIDA",0,hiv,gua_311_g06_h,SICOIN
GUATEMALA,0,0,ghe,1/1/2012,365,"DIAGNÓSTICO Y TRATAMIENTO DE ITS, VIH/SIDA",0,hiv,gua_311_g06_h,SICOIN
GUATEMALA,360,360,ghe,1/1/2012,365,"PREVENCIÓN DE ITS, VIH/SIDA",0,hiv,gua_311_g06_h,SICOIN
GUATEMALA,536,224,ghe,1/1/2012,365,"DIAGNÓSTICO Y TRATAMIENTO DE ITS, VIH/SIDA",0,hiv,gua_311_g06_h,SICOIN
GUATEMALA,170,170,ghe,1/1/2012,365,"PREVENCIÓN DE ITS, VIH/SIDA",0,hiv,gua_311_g06_h,SICOIN
GUATEMALA,0,0,ghe,1/1/2012,365,"DIAGNÓSTICO Y TRATAMIENTO DE ITS, VIH/SIDA",0,hiv,gua_311_g06_h,SICOIN
EL PROGRESO,5,0,ghe,1/1/2012,365,"PREVENCIÓN DE ITS, VIH/SIDA",0,hiv,gua_311_g06_h,SICOIN
EL PROGRESO,281388,276378.96,ghe,1/1/2012,365,"DIAGNÓSTICO Y TRATAMIENTO DE ITS, VIH/SIDA",0,hiv,gua_311_g06_h,SICOIN
EL PROGRESO,1,0,ghe,1/1/2012,365,VÍCTIMAS/SOBREVIVIENTES ATENDIDAS POR VIOLENCIA SEXUAL,0,hiv,gua_311_g06_h,SICOIN
EL PROGRESO,9,0,ghe,1/1/2012,365,"PREVENCIÓN DE ITS, VIH/SIDA",0,hiv,gua_311_g06_h,SICOIN
EL PROGRESO,76,0,ghe,1/1/2012,365,"DIAGNÓSTICO Y TRATAMIENTO DE ITS, VIH/SIDA",0,hiv,gua_311_g06_h,SICOIN
EL PROGRESO,3,0,ghe,1/1/2012,365,VÍCTIMAS/SOBREVIVIENTES ATENDIDAS POR VIOLENCIA SEXUAL,0,hiv,gua_311_g06_h,SICOIN
EL PROGRESO,42,0,ghe,1/1/2012,365,"PREVENCIÓN DE ITS, VIH/SIDA",0,hiv,gua_311_g06_h,SICOIN
EL PROGRESO,6054,0,ghe,1/1/2012,365,"DIAGNÓSTICO Y TRATAMIENTO DE ITS, VIH/SIDA",0,hiv,gua_311_g06_h,SICOIN
EL PROGRESO,24,0,ghe,1/1/2012,365,"PREVENCIÓN DE ITS, VIH/SIDA",0,hiv,gua_311_g06_h,SICOIN
EL PROGRESO,8,0,ghe,1/1/2012,365,"DIAGNÓSTICO Y TRATAMIENTO DE ITS, VIH/SIDA",0,hiv,gua_311_g06_h,SICOIN
EL PROGRESO,1,0,ghe,1/1/2012,365,VÍCTIMAS/SOBREVIVIENTES ATENDIDAS POR VIOLENCIA SEXUAL,0,hiv,gua_311_g06_h,SICOIN
EL PROGRESO,45,0,ghe,1/1/2012,365,"PREVENCIÓN DE ITS, VIH/SIDA",0,hiv,gua_311_g06_h,SICOIN
EL PROGRESO,136,0,ghe,1/1/2012,365,"DIAGNÓSTICO Y TRATAMIENTO DE ITS, VIH/SIDA",0,hiv,gua_311_g06_h,SICOIN
EL PROGRESO,48,0,ghe,1/1/2012,365,VÍCTIMAS/SOBREVIVIENTES ATENDIDAS POR VIOLENCIA SEXUAL,0,hiv,gua_311_g06_h,SICOIN
EL PROGRESO,45,0,ghe,1/1/2012,365,"PREVENCIÓN DE ITS, VIH/SIDA",0,hiv,gua_311_g06_h,SICOIN
EL PROGRESO,15,0,ghe,1/1/2012,365,"DIAGNÓSTICO Y TRATAMIENTO DE ITS, VIH/SIDA",0,hiv,gua_311_g06_h,SICOIN
EL PROGRESO,4,0,ghe,1/1/2012,365,VÍCTIMAS/SOBREVIVIENTES ATENDIDAS POR VIOLENCIA SEXUAL,0,hiv,gua_311_g06_h,SICOIN
EL PROGRESO,81,0,ghe,1/1/2012,365,"PREVENCIÓN DE ITS, VIH/SIDA",0,hiv,gua_311_g06_h,SICOIN
EL PROGRESO,3129,0,ghe,1/1/2012,365,"DIAGNÓSTICO Y TRATAMIENTO DE ITS, VIH/SIDA",0,hiv,gua_311_g06_h,SICOIN
EL PROGRESO,24,0,ghe,1/1/2012,365,"PREVENCIÓN DE ITS, VIH/SIDA",0,hiv,gua_311_g06_h,SICOIN
EL PROGRESO,42,0,ghe,1/1/2012,365,"DIAGNÓSTICO Y TRATAMIENTO DE ITS, VIH/SIDA",0,hiv,gua_311_g06_h,SICOIN
EL PROGRESO,15,0,ghe,1/1/2012,365,VÍCTIMAS/SOBREVIVIENTES ATENDIDAS POR VIOLENCIA SEXUAL,0,hiv,gua_311_g06_h,SICOIN
SACATEPEQUEZ,17500,17500,ghe,1/1/2012,365,"PREVENCIÓN DE ITS, VIH/SIDA",0,hiv,gua_311_g06_h,SICOIN
SACATEPEQUEZ,90000,90000,ghe,1/1/2012,365,"DIAGNÓSTICO Y TRATAMIENTO DE ITS, VIH/SIDA",0,hiv,gua_311_g06_h,SICOIN
SACATEPEQUEZ,0,0,ghe,1/1/2012,365,"PREVENCIÓN DE ITS, VIH/SIDA",0,hiv,gua_311_g06_h,SICOIN
SACATEPEQUEZ,7010,7010,ghe,1/1/2012,365,"DIAGNÓSTICO Y TRATAMIENTO DE ITS, VIH/SIDA",0,hiv,gua_311_g06_h,SICOIN
SACATEPEQUEZ,0,0,ghe,1/1/2012,365,VÍCTIMAS/SOBREVIVIENTES ATENDIDAS POR VIOLENCIA SEXUAL,0,hiv,gua_311_g06_h,SICOIN
SACATEPEQUEZ,6820,3910,ghe,1/1/2012,365,"DIAGNÓSTICO Y TRATAMIENTO DE ITS, VIH/SIDA",0,hiv,gua_311_g06_h,SICOIN
SACATEPEQUEZ,0,0,ghe,1/1/2012,365,VÍCTIMAS/SOBREVIVIENTES ATENDIDAS POR VIOLENCIA SEXUAL,0,hiv,gua_311_g06_h,SICOIN
ESCUINTLA,50,50,ghe,1/1/2012,365,"DIAGNÓSTICO Y TRATAMIENTO DE ITS, VIH/SIDA",0,hiv,gua_311_g06_h,SICOIN
ESCUINTLA,50,50,ghe,1/1/2012,365,"DIAGNÓSTICO Y TRATAMIENTO DE ITS, VIH/SIDA",0,hiv,gua_311_g06_h,SICOIN
ESCUINTLA,50,50,ghe,1/1/2012,365,"DIAGNÓSTICO Y TRATAMIENTO DE ITS, VIH/SIDA",0,hiv,gua_311_g06_h,SICOIN
ESCUINTLA,235498,235497.36,ghe,1/1/2012,365,"DIAGNÓSTICO Y TRATAMIENTO DE ITS, VIH/SIDA",0,hiv,gua_311_g06_h,SICOIN
ESCUINTLA,50,50,ghe,1/1/2012,365,"DIAGNÓSTICO Y TRATAMIENTO DE ITS, VIH/SIDA",0,hiv,gua_311_g06_h,SICOIN
ESCUINTLA,50,50,ghe,1/1/2012,365,"DIAGNÓSTICO Y TRATAMIENTO DE ITS, VIH/SIDA",0,hiv,gua_311_g06_h,SICOIN
ESCUINTLA,50,50,ghe,1/1/2012,365,"DIAGNÓSTICO Y TRATAMIENTO DE ITS, VIH/SIDA",0,hiv,gua_311_g06_h,SICOIN
ESCUINTLA,50,50,ghe,1/1/2012,365,"DIAGNÓSTICO Y TRATAMIENTO DE ITS, VIH/SIDA",0,hiv,gua_311_g06_h,SICOIN
ESCUINTLA,50,50,ghe,1/1/2012,365,"DIAGNÓSTICO Y TRATAMIENTO DE ITS, VIH/SIDA",0,hiv,gua_311_g06_h,SICOIN
ESCUINTLA,50,50,ghe,1/1/2012,365,"DIAGNÓSTICO Y TRATAMIENTO DE ITS, VIH/SIDA",0,hiv,gua_311_g06_h,SICOIN
SANTA ROSA,11569,11569,ghe,1/1/2012,365,"PREVENCIÓN DE ITS, VIH/SIDA",0,hiv,gua_311_g06_h,SICOIN
SANTA ROSA,309098.98,307701.3,ghe,1/1/2012,365,"DIAGNÓSTICO Y TRATAMIENTO DE ITS, VIH/SIDA",0,hiv,gua_311_g06_h,SICOIN
SANTA ROSA,4659,4659,ghe,1/1/2012,365,VÍCTIMAS/SOBREVIVIENTES ATENDIDAS POR VIOLENCIA SEXUAL,0,hiv,gua_311_g06_h,SICOIN
SANTA ROSA,0,0,ghe,1/1/2012,365,"PREVENCIÓN DE ITS, VIH/SIDA",0,hiv,gua_311_g06_h,SICOIN
SANTA ROSA,0,0,ghe,1/1/2012,365,"DIAGNÓSTICO Y TRATAMIENTO DE ITS, VIH/SIDA",0,hiv,gua_311_g06_h,SICOIN
SANTA ROSA,0,0,ghe,1/1/2012,365,VÍCTIMAS/SOBREVIVIENTES ATENDIDAS POR VIOLENCIA SEXUAL,0,hiv,gua_311_g06_h,SICOIN
SANTA ROSA,0,0,ghe,1/1/2012,365,"PREVENCIÓN DE ITS, VIH/SIDA",0,hiv,gua_311_g06_h,SICOIN
SANTA ROSA,0,0,ghe,1/1/2012,365,"DIAGNÓSTICO Y TRATAMIENTO DE ITS, VIH/SIDA",0,hiv,gua_311_g06_h,SICOIN
SANTA ROSA,0,0,ghe,1/1/2012,365,VÍCTIMAS/SOBREVIVIENTES ATENDIDAS POR VIOLENCIA SEXUAL,0,hiv,gua_311_g06_h,SICOIN
SANTA ROSA,0,0,ghe,1/1/2012,365,"PREVENCIÓN DE ITS, VIH/SIDA",0,hiv,gua_311_g06_h,SICOIN
SANTA ROSA,150,150,ghe,1/1/2012,365,"DIAGNÓSTICO Y TRATAMIENTO DE ITS, VIH/SIDA",0,hiv,gua_311_g06_h,SICOIN
SANTA ROSA,0,0,ghe,1/1/2012,365,"PREVENCIÓN DE ITS, VIH/SIDA",0,hiv,gua_311_g06_h,SICOIN
SANTA ROSA,835,835,ghe,1/1/2012,365,"DIAGNÓSTICO Y TRATAMIENTO DE ITS, VIH/SIDA",0,hiv,gua_311_g06_h,SICOIN
SANTA ROSA,0,0,ghe,1/1/2012,365,VÍCTIMAS/SOBREVIVIENTES ATENDIDAS POR VIOLENCIA SEXUAL,0,hiv,gua_311_g06_h,SICOIN
SANTA ROSA,0,0,ghe,1/1/2012,365,"PREVENCIÓN DE ITS, VIH/SIDA",0,hiv,gua_311_g06_h,SICOIN
SANTA ROSA,0,0,ghe,1/1/2012,365,"DIAGNÓSTICO Y TRATAMIENTO DE ITS, VIH/SIDA",0,hiv,gua_311_g06_h,SICOIN
SANTA ROSA,0,0,ghe,1/1/2012,365,"PREVENCIÓN DE ITS, VIH/SIDA",0,hiv,gua_311_g06_h,SICOIN
SANTA ROSA,220,220,ghe,1/1/2012,365,"DIAGNÓSTICO Y TRATAMIENTO DE ITS, VIH/SIDA",0,hiv,gua_311_g06_h,SICOIN
SANTA ROSA,0,0,ghe,1/1/2012,365,VÍCTIMAS/SOBREVIVIENTES ATENDIDAS POR VIOLENCIA SEXUAL,0,hiv,gua_311_g06_h,SICOIN
SANTA ROSA,0,0,ghe,1/1/2012,365,"PREVENCIÓN DE ITS, VIH/SIDA",0,hiv,gua_311_g06_h,SICOIN
SANTA ROSA,6,6,ghe,1/1/2012,365,"DIAGNÓSTICO Y TRATAMIENTO DE ITS, VIH/SIDA",0,hiv,gua_311_g06_h,SICOIN
SANTA ROSA,0,0,ghe,1/1/2012,365,VÍCTIMAS/SOBREVIVIENTES ATENDIDAS POR VIOLENCIA SEXUAL,0,hiv,gua_311_g06_h,SICOIN
SANTA ROSA,0,0,ghe,1/1/2012,365,"PREVENCIÓN DE ITS, VIH/SIDA",0,hiv,gua_311_g06_h,SICOIN
SANTA ROSA,40,40,ghe,1/1/2012,365,"DIAGNÓSTICO Y TRATAMIENTO DE ITS, VIH/SIDA",0,hiv,gua_311_g06_h,SICOIN
SANTA ROSA,0,0,ghe,1/1/2012,365,VÍCTIMAS/SOBREVIVIENTES ATENDIDAS POR VIOLENCIA SEXUAL,0,hiv,gua_311_g06_h,SICOIN
SANTA ROSA,0,0,ghe,1/1/2012,365,"PREVENCIÓN DE ITS, VIH/SIDA",0,hiv,gua_311_g06_h,SICOIN
SANTA ROSA,1,1,ghe,1/1/2012,365,"DIAGNÓSTICO Y TRATAMIENTO DE ITS, VIH/SIDA",0,hiv,gua_311_g06_h,SICOIN
SANTA ROSA,0,0,ghe,1/1/2012,365,VÍCTIMAS/SOBREVIVIENTES ATENDIDAS POR VIOLENCIA SEXUAL,0,hiv,gua_311_g06_h,SICOIN
SANTA ROSA,0,0,ghe,1/1/2012,365,"PREVENCIÓN DE ITS, VIH/SIDA",0,hiv,gua_311_g06_h,SICOIN
SANTA ROSA,2,2,ghe,1/1/2012,365,"DIAGNÓSTICO Y TRATAMIENTO DE ITS, VIH/SIDA",0,hiv,gua_311_g06_h,SICOIN
SANTA ROSA,0,0,ghe,1/1/2012,365,VÍCTIMAS/SOBREVIVIENTES ATENDIDAS POR VIOLENCIA SEXUAL,0,hiv,gua_311_g06_h,SICOIN
SANTA ROSA,0,0,ghe,1/1/2012,365,"PREVENCIÓN DE ITS, VIH/SIDA",0,hiv,gua_311_g06_h,SICOIN
SANTA ROSA,0,0,ghe,1/1/2012,365,"DIAGNÓSTICO Y TRATAMIENTO DE ITS, VIH/SIDA",0,hiv,gua_311_g06_h,SICOIN
SANTA ROSA,500,500,ghe,1/1/2012,365,"DIAGNÓSTICO Y TRATAMIENTO DE ITS, VIH/SIDA",0,hiv,gua_311_g06_h,SICOIN
SANTA ROSA,0,0,ghe,1/1/2012,365,VÍCTIMAS/SOBREVIVIENTES ATENDIDAS POR VIOLENCIA SEXUAL,0,hiv,gua_311_g06_h,SICOIN
SANTA ROSA,0,0,ghe,1/1/2012,365,"PREVENCIÓN DE ITS, VIH/SIDA",0,hiv,gua_311_g06_h,SICOIN
SANTA ROSA,0.02,0,ghe,1/1/2012,365,"DIAGNÓSTICO Y TRATAMIENTO DE ITS, VIH/SIDA",0,hiv,gua_311_g06_h,SICOIN
SANTA ROSA,0,0,ghe,1/1/2012,365,VÍCTIMAS/SOBREVIVIENTES ATENDIDAS POR VIOLENCIA SEXUAL,0,hiv,gua_311_g06_h,SICOIN
SOLOLA,0,0,ghe,1/1/2012,365,"PREVENCIÓN DE ITS, VIH/SIDA",0,hiv,gua_311_g06_h,SICOIN
SOLOLA,0,0,ghe,1/1/2012,365,"DIAGNÓSTICO Y TRATAMIENTO DE ITS, VIH/SIDA",0,hiv,gua_311_g06_h,SICOIN
SOLOLA,0,0,ghe,1/1/2012,365,"PREVENCIÓN DE ITS, VIH/SIDA",0,hiv,gua_311_g06_h,SICOIN
SOLOLA,0,0,ghe,1/1/2012,365,"DIAGNÓSTICO Y TRATAMIENTO DE ITS, VIH/SIDA",0,hiv,gua_311_g06_h,SICOIN
SOLOLA,0,0,ghe,1/1/2012,365,"PREVENCIÓN DE ITS, VIH/SIDA",0,hiv,gua_311_g06_h,SICOIN
SOLOLA,0,0,ghe,1/1/2012,365,"DIAGNÓSTICO Y TRATAMIENTO DE ITS, VIH/SIDA",0,hiv,gua_311_g06_h,SICOIN
SOLOLA,0,0,ghe,1/1/2012,365,"PREVENCIÓN DE ITS, VIH/SIDA",0,hiv,gua_311_g06_h,SICOIN
SOLOLA,0,0,ghe,1/1/2012,365,"DIAGNÓSTICO Y TRATAMIENTO DE ITS, VIH/SIDA",0,hiv,gua_311_g06_h,SICOIN
SOLOLA,0,0,ghe,1/1/2012,365,"PREVENCIÓN DE ITS, VIH/SIDA",0,hiv,gua_311_g06_h,SICOIN
SOLOLA,0,0,ghe,1/1/2012,365,"DIAGNÓSTICO Y TRATAMIENTO DE ITS, VIH/SIDA",0,hiv,gua_311_g06_h,SICOIN
SOLOLA,0,0,ghe,1/1/2012,365,"PREVENCIÓN DE ITS, VIH/SIDA",0,hiv,gua_311_g06_h,SICOIN
SOLOLA,0,0,ghe,1/1/2012,365,"DIAGNÓSTICO Y TRATAMIENTO DE ITS, VIH/SIDA",0,hiv,gua_311_g06_h,SICOIN
SOLOLA,0,0,ghe,1/1/2012,365,"PREVENCIÓN DE ITS, VIH/SIDA",0,hiv,gua_311_g06_h,SICOIN
SOLOLA,0,0,ghe,1/1/2012,365,"DIAGNÓSTICO Y TRATAMIENTO DE ITS, VIH/SIDA",0,hiv,gua_311_g06_h,SICOIN
SOLOLA,0,0,ghe,1/1/2012,365,"PREVENCIÓN DE ITS, VIH/SIDA",0,hiv,gua_311_g06_h,SICOIN
SOLOLA,0,0,ghe,1/1/2012,365,"DIAGNÓSTICO Y TRATAMIENTO DE ITS, VIH/SIDA",0,hiv,gua_311_g06_h,SICOIN
SOLOLA,0,0,ghe,1/1/2012,365,"PREVENCIÓN DE ITS, VIH/SIDA",0,hiv,gua_311_g06_h,SICOIN
SOLOLA,0,0,ghe,1/1/2012,365,"DIAGNÓSTICO Y TRATAMIENTO DE ITS, VIH/SIDA",0,hiv,gua_311_g06_h,SICOIN
TOTONICAPAN,0,0,ghe,1/1/2012,365,"PREVENCIÓN DE ITS, VIH/SIDA",0,hiv,gua_311_g06_h,SICOIN
TOTONICAPAN,65818.56,65818.56,ghe,1/1/2012,365,"DIAGNÓSTICO Y TRATAMIENTO DE ITS, VIH/SIDA",0,hiv,gua_311_g06_h,SICOIN
TOTONICAPAN,93596,93596,ghe,1/1/2012,365,"DIAGNÓSTICO Y TRATAMIENTO DE ITS, VIH/SIDA",0,hiv,gua_311_g06_h,SICOIN
TOTONICAPAN,27,0,ghe,1/1/2012,365,"PREVENCIÓN DE ITS, VIH/SIDA",0,hiv,gua_311_g06_h,SICOIN
TOTONICAPAN,11106,11106,ghe,1/1/2012,365,"DIAGNÓSTICO Y TRATAMIENTO DE ITS, VIH/SIDA",0,hiv,gua_311_g06_h,SICOIN
TOTONICAPAN,0,0,ghe,1/1/2012,365,"DIAGNÓSTICO Y TRATAMIENTO DE ITS, VIH/SIDA",0,hiv,gua_311_g06_h,SICOIN
TOTONICAPAN,158,0,ghe,1/1/2012,365,"PREVENCIÓN DE ITS, VIH/SIDA",0,hiv,gua_311_g06_h,SICOIN
TOTONICAPAN,21444.44,21444,ghe,1/1/2012,365,"DIAGNÓSTICO Y TRATAMIENTO DE ITS, VIH/SIDA",0,hiv,gua_311_g06_h,SICOIN
TOTONICAPAN,14822,14822,ghe,1/1/2012,365,"DIAGNÓSTICO Y TRATAMIENTO DE ITS, VIH/SIDA",0,hiv,gua_311_g06_h,SICOIN
TOTONICAPAN,0,0,ghe,1/1/2012,365,"DIAGNÓSTICO Y TRATAMIENTO DE ITS, VIH/SIDA",0,hiv,gua_311_g06_h,SICOIN
TOTONICAPAN,0,0,ghe,1/1/2012,365,"DIAGNÓSTICO Y TRATAMIENTO DE ITS, VIH/SIDA",0,hiv,gua_311_g06_h,SICOIN
QUETZALTENANGO,96905,96393.5,ghe,1/1/2012,365,"PREVENCIÓN DE ITS, VIH/SIDA",0,hiv,gua_311_g06_h,SICOIN
QUETZALTENANGO,213500,213500,ghe,1/1/2012,365,"DIAGNÓSTICO Y TRATAMIENTO DE ITS, VIH/SIDA",0,hiv,gua_311_g06_h,SICOIN
QUETZALTENANGO,0,0,ghe,1/1/2012,365,"PREVENCIÓN DE ITS, VIH/SIDA",0,hiv,gua_311_g06_h,SICOIN
QUETZALTENANGO,1246372,1246371.55,ghe,1/1/2012,365,"DIAGNÓSTICO Y TRATAMIENTO DE ITS, VIH/SIDA",0,hiv,gua_311_g06_h,SICOIN
QUETZALTENANGO,54600,54600,ghe,1/1/2012,365,VÍCTIMAS/SOBREVIVIENTES ATENDIDAS POR VIOLENCIA SEXUAL,0,hiv,gua_311_g06_h,SICOIN
SUCHITEPEQUEZ,2709,2584,ghe,1/1/2012,365,"PREVENCIÓN DE ITS, VIH/SIDA",0,hiv,gua_311_g06_h,SICOIN
SUCHITEPEQUEZ,45306,45057,ghe,1/1/2012,365,"DIAGNÓSTICO Y TRATAMIENTO DE ITS, VIH/SIDA",0,hiv,gua_311_g06_h,SICOIN
SUCHITEPEQUEZ,10,0,ghe,1/1/2012,365,VÍCTIMAS/SOBREVIVIENTES ATENDIDAS POR VIOLENCIA SEXUAL,0,hiv,gua_311_g06_h,SICOIN
SUCHITEPEQUEZ,3400,3400,ghe,1/1/2012,365,"PREVENCIÓN DE ITS, VIH/SIDA",0,hiv,gua_311_g06_h,SICOIN
SUCHITEPEQUEZ,13500,13500,ghe,1/1/2012,365,"DIAGNÓSTICO Y TRATAMIENTO DE ITS, VIH/SIDA",0,hiv,gua_311_g06_h,SICOIN
SUCHITEPEQUEZ,0,0,ghe,1/1/2012,365,"PREVENCIÓN DE ITS, VIH/SIDA",0,hiv,gua_311_g06_h,SICOIN
SUCHITEPEQUEZ,540,540,ghe,1/1/2012,365,"DIAGNÓSTICO Y TRATAMIENTO DE ITS, VIH/SIDA",0,hiv,gua_311_g06_h,SICOIN
SUCHITEPEQUEZ,10,0,ghe,1/1/2012,365,VÍCTIMAS/SOBREVIVIENTES ATENDIDAS POR VIOLENCIA SEXUAL,0,hiv,gua_311_g06_h,SICOIN
SUCHITEPEQUEZ,0,0,ghe,1/1/2012,365,"PREVENCIÓN DE ITS, VIH/SIDA",0,hiv,gua_311_g06_h,SICOIN
SUCHITEPEQUEZ,12500,12500,ghe,1/1/2012,365,"DIAGNÓSTICO Y TRATAMIENTO DE ITS, VIH/SIDA",0,hiv,gua_311_g06_h,SICOIN
SUCHITEPEQUEZ,10,0,ghe,1/1/2012,365,VÍCTIMAS/SOBREVIVIENTES ATENDIDAS POR VIOLENCIA SEXUAL,0,hiv,gua_311_g06_h,SICOIN
SUCHITEPEQUEZ,2974,2900,ghe,1/1/2012,365,"PREVENCIÓN DE ITS, VIH/SIDA",0,hiv,gua_311_g06_h,SICOIN
SUCHITEPEQUEZ,16397,16250,ghe,1/1/2012,365,"DIAGNÓSTICO Y TRATAMIENTO DE ITS, VIH/SIDA",0,hiv,gua_311_g06_h,SICOIN
SUCHITEPEQUEZ,4049,4000,ghe,1/1/2012,365,"PREVENCIÓN DE ITS, VIH/SIDA",0,hiv,gua_311_g06_h,SICOIN
SUCHITEPEQUEZ,13298,13200,ghe,1/1/2012,365,"DIAGNÓSTICO Y TRATAMIENTO DE ITS, VIH/SIDA",0,hiv,gua_311_g06_h,SICOIN
SUCHITEPEQUEZ,3100,3050,ghe,1/1/2012,365,"PREVENCIÓN DE ITS, VIH/SIDA",0,hiv,gua_311_g06_h,SICOIN
SUCHITEPEQUEZ,13400,13400,ghe,1/1/2012,365,"DIAGNÓSTICO Y TRATAMIENTO DE ITS, VIH/SIDA",0,hiv,gua_311_g06_h,SICOIN
SUCHITEPEQUEZ,23,0,ghe,1/1/2012,365,"PREVENCIÓN DE ITS, VIH/SIDA",0,hiv,gua_311_g06_h,SICOIN
SUCHITEPEQUEZ,11231,11186,ghe,1/1/2012,365,"DIAGNÓSTICO Y TRATAMIENTO DE ITS, VIH/SIDA",0,hiv,gua_311_g06_h,SICOIN
SUCHITEPEQUEZ,50,0,ghe,1/1/2012,365,VÍCTIMAS/SOBREVIVIENTES ATENDIDAS POR VIOLENCIA SEXUAL,0,hiv,gua_311_g06_h,SICOIN
SUCHITEPEQUEZ,903,852,ghe,1/1/2012,365,"PREVENCIÓN DE ITS, VIH/SIDA",0,hiv,gua_311_g06_h,SICOIN
SUCHITEPEQUEZ,6972,6800,ghe,1/1/2012,365,"DIAGNÓSTICO Y TRATAMIENTO DE ITS, VIH/SIDA",0,hiv,gua_311_g06_h,SICOIN
SUCHITEPEQUEZ,267,0,ghe,1/1/2012,365,VÍCTIMAS/SOBREVIVIENTES ATENDIDAS POR VIOLENCIA SEXUAL,0,hiv,gua_311_g06_h,SICOIN
SUCHITEPEQUEZ,18,0,ghe,1/1/2012,365,"PREVENCIÓN DE ITS, VIH/SIDA",0,hiv,gua_311_g06_h,SICOIN
SUCHITEPEQUEZ,3470,3270,ghe,1/1/2012,365,"DIAGNÓSTICO Y TRATAMIENTO DE ITS, VIH/SIDA",0,hiv,gua_311_g06_h,SICOIN
SUCHITEPEQUEZ,225,0,ghe,1/1/2012,365,VÍCTIMAS/SOBREVIVIENTES ATENDIDAS POR VIOLENCIA SEXUAL,0,hiv,gua_311_g06_h,SICOIN
SUCHITEPEQUEZ,0,0,ghe,1/1/2012,365,"PREVENCIÓN DE ITS, VIH/SIDA",0,hiv,gua_311_g06_h,SICOIN
SUCHITEPEQUEZ,1300,1300,ghe,1/1/2012,365,"DIAGNÓSTICO Y TRATAMIENTO DE ITS, VIH/SIDA",0,hiv,gua_311_g06_h,SICOIN
SUCHITEPEQUEZ,216,0,ghe,1/1/2012,365,VÍCTIMAS/SOBREVIVIENTES ATENDIDAS POR VIOLENCIA SEXUAL,0,hiv,gua_311_g06_h,SICOIN
RETALHULEU,570,0,ghe,1/1/2012,365,"PREVENCIÓN DE ITS, VIH/SIDA",0,hiv,gua_311_g06_h,SICOIN
RETALHULEU,1300,0,ghe,1/1/2012,365,"DIAGNÓSTICO Y TRATAMIENTO DE ITS, VIH/SIDA",0,hiv,gua_311_g06_h,SICOIN
SAN MARCOS,0,0,ghe,1/1/2012,365,"PREVENCIÓN DE ITS, VIH/SIDA",0,hiv,gua_311_g06_h,SICOIN
SAN MARCOS,468353.17,468353.17,ghe,1/1/2012,365,"DIAGNÓSTICO Y TRATAMIENTO DE ITS, VIH/SIDA",0,hiv,gua_311_g06_h,SICOIN
SAN MARCOS,0,0,ghe,1/1/2012,365,VÍCTIMAS/SOBREVIVIENTES ATENDIDAS POR VIOLENCIA SEXUAL,0,hiv,gua_311_g06_h,SICOIN
SAN MARCOS,0,0,ghe,1/1/2012,365,"PREVENCIÓN DE ITS, VIH/SIDA",0,hiv,gua_311_g06_h,SICOIN
SAN MARCOS,0,0,ghe,1/1/2012,365,"DIAGNÓSTICO Y TRATAMIENTO DE ITS, VIH/SIDA",0,hiv,gua_311_g06_h,SICOIN
SAN MARCOS,0,0,ghe,1/1/2012,365,"PREVENCIÓN DE ITS, VIH/SIDA",0,hiv,gua_311_g06_h,SICOIN
SAN MARCOS,3388.83,0,ghe,1/1/2012,365,"DIAGNÓSTICO Y TRATAMIENTO DE ITS, VIH/SIDA",0,hiv,gua_311_g06_h,SICOIN
SAN MARCOS,0,0,ghe,1/1/2012,365,"PREVENCIÓN DE ITS, VIH/SIDA",0,hiv,gua_311_g06_h,SICOIN
SAN MARCOS,0,0,ghe,1/1/2012,365,"DIAGNÓSTICO Y TRATAMIENTO DE ITS, VIH/SIDA",0,hiv,gua_311_g06_h,SICOIN
SAN MARCOS,0,0,ghe,1/1/2012,365,"PREVENCIÓN DE ITS, VIH/SIDA",0,hiv,gua_311_g06_h,SICOIN
SAN MARCOS,0,0,ghe,1/1/2012,365,"DIAGNÓSTICO Y TRATAMIENTO DE ITS, VIH/SIDA",0,hiv,gua_311_g06_h,SICOIN
SAN MARCOS,0,0,ghe,1/1/2012,365,"PREVENCIÓN DE ITS, VIH/SIDA",0,hiv,gua_311_g06_h,SICOIN
SAN MARCOS,0,0,ghe,1/1/2012,365,"DIAGNÓSTICO Y TRATAMIENTO DE ITS, VIH/SIDA",0,hiv,gua_311_g06_h,SICOIN
SAN MARCOS,0,0,ghe,1/1/2012,365,"DIAGNÓSTICO Y TRATAMIENTO DE ITS, VIH/SIDA",0,hiv,gua_311_g06_h,SICOIN
SAN MARCOS,0,0,ghe,1/1/2012,365,"PREVENCIÓN DE ITS, VIH/SIDA",0,hiv,gua_311_g06_h,SICOIN
SAN MARCOS,0,0,ghe,1/1/2012,365,"DIAGNÓSTICO Y TRATAMIENTO DE ITS, VIH/SIDA",0,hiv,gua_311_g06_h,SICOIN
SAN MARCOS,0,0,ghe,1/1/2012,365,"PREVENCIÓN DE ITS, VIH/SIDA",0,hiv,gua_311_g06_h,SICOIN
SAN MARCOS,0,0,ghe,1/1/2012,365,"DIAGNÓSTICO Y TRATAMIENTO DE ITS, VIH/SIDA",0,hiv,gua_311_g06_h,SICOIN
SAN MARCOS,0,0,ghe,1/1/2012,365,"PREVENCIÓN DE ITS, VIH/SIDA",0,hiv,gua_311_g06_h,SICOIN
SAN MARCOS,0,0,ghe,1/1/2012,365,"DIAGNÓSTICO Y TRATAMIENTO DE ITS, VIH/SIDA",0,hiv,gua_311_g06_h,SICOIN
SAN MARCOS,0,0,ghe,1/1/2012,365,"PREVENCIÓN DE ITS, VIH/SIDA",0,hiv,gua_311_g06_h,SICOIN
SAN MARCOS,0,0,ghe,1/1/2012,365,"DIAGNÓSTICO Y TRATAMIENTO DE ITS, VIH/SIDA",0,hiv,gua_311_g06_h,SICOIN
SAN MARCOS,0,0,ghe,1/1/2012,365,"PREVENCIÓN DE ITS, VIH/SIDA",0,hiv,gua_311_g06_h,SICOIN
SAN MARCOS,0,0,ghe,1/1/2012,365,"DIAGNÓSTICO Y TRATAMIENTO DE ITS, VIH/SIDA",0,hiv,gua_311_g06_h,SICOIN
SAN MARCOS,0,0,ghe,1/1/2012,365,VÍCTIMAS/SOBREVIVIENTES ATENDIDAS POR VIOLENCIA SEXUAL,0,hiv,gua_311_g06_h,SICOIN
SAN MARCOS,0,0,ghe,1/1/2012,365,"PREVENCIÓN DE ITS, VIH/SIDA",0,hiv,gua_311_g06_h,SICOIN
SAN MARCOS,0,0,ghe,1/1/2012,365,"DIAGNÓSTICO Y TRATAMIENTO DE ITS, VIH/SIDA",0,hiv,gua_311_g06_h,SICOIN
SAN MARCOS,0,0,ghe,1/1/2012,365,VÍCTIMAS/SOBREVIVIENTES ATENDIDAS POR VIOLENCIA SEXUAL,0,hiv,gua_311_g06_h,SICOIN
SAN MARCOS,0,0,ghe,1/1/2012,365,"PREVENCIÓN DE ITS, VIH/SIDA",0,hiv,gua_311_g06_h,SICOIN
SAN MARCOS,962400,961385,ghe,1/1/2012,365,"DIAGNÓSTICO Y TRATAMIENTO DE ITS, VIH/SIDA",0,hiv,gua_311_g06_h,SICOIN
SAN MARCOS,0,0,ghe,1/1/2012,365,VÍCTIMAS/SOBREVIVIENTES ATENDIDAS POR VIOLENCIA SEXUAL,0,hiv,gua_311_g06_h,SICOIN
SAN MARCOS,0,0,ghe,1/1/2012,365,"PREVENCIÓN DE ITS, VIH/SIDA",0,hiv,gua_311_g06_h,SICOIN
SAN MARCOS,0,0,ghe,1/1/2012,365,"DIAGNÓSTICO Y TRATAMIENTO DE ITS, VIH/SIDA",0,hiv,gua_311_g06_h,SICOIN
SAN MARCOS,0,0,ghe,1/1/2012,365,"PREVENCIÓN DE ITS, VIH/SIDA",0,hiv,gua_311_g06_h,SICOIN
SAN MARCOS,0,0,ghe,1/1/2012,365,"DIAGNÓSTICO Y TRATAMIENTO DE ITS, VIH/SIDA",0,hiv,gua_311_g06_h,SICOIN
SAN MARCOS,0,0,ghe,1/1/2012,365,VÍCTIMAS/SOBREVIVIENTES ATENDIDAS POR VIOLENCIA SEXUAL,0,hiv,gua_311_g06_h,SICOIN
SAN MARCOS,0,0,ghe,1/1/2012,365,"PREVENCIÓN DE ITS, VIH/SIDA",0,hiv,gua_311_g06_h,SICOIN
SAN MARCOS,0,0,ghe,1/1/2012,365,"DIAGNÓSTICO Y TRATAMIENTO DE ITS, VIH/SIDA",0,hiv,gua_311_g06_h,SICOIN
SAN MARCOS,0,0,ghe,1/1/2012,365,"PREVENCIÓN DE ITS, VIH/SIDA",0,hiv,gua_311_g06_h,SICOIN
SAN MARCOS,0,0,ghe,1/1/2012,365,"DIAGNÓSTICO Y TRATAMIENTO DE ITS, VIH/SIDA",0,hiv,gua_311_g06_h,SICOIN
SAN MARCOS,0,0,ghe,1/1/2012,365,"PREVENCIÓN DE ITS, VIH/SIDA",0,hiv,gua_311_g06_h,SICOIN
SAN MARCOS,0,0,ghe,1/1/2012,365,"DIAGNÓSTICO Y TRATAMIENTO DE ITS, VIH/SIDA",0,hiv,gua_311_g06_h,SICOIN
SAN MARCOS,0,0,ghe,1/1/2012,365,"PREVENCIÓN DE ITS, VIH/SIDA",0,hiv,gua_311_g06_h,SICOIN
SAN MARCOS,0,0,ghe,1/1/2012,365,"DIAGNÓSTICO Y TRATAMIENTO DE ITS, VIH/SIDA",0,hiv,gua_311_g06_h,SICOIN
SAN MARCOS,0,0,ghe,1/1/2012,365,"PREVENCIÓN DE ITS, VIH/SIDA",0,hiv,gua_311_g06_h,SICOIN
SAN MARCOS,0,0,ghe,1/1/2012,365,"DIAGNÓSTICO Y TRATAMIENTO DE ITS, VIH/SIDA",0,hiv,gua_311_g06_h,SICOIN
SAN MARCOS,0,0,ghe,1/1/2012,365,"PREVENCIÓN DE ITS, VIH/SIDA",0,hiv,gua_311_g06_h,SICOIN
SAN MARCOS,0,0,ghe,1/1/2012,365,"DIAGNÓSTICO Y TRATAMIENTO DE ITS, VIH/SIDA",0,hiv,gua_311_g06_h,SICOIN
HUEHUETENANGO,144000,144000,ghe,1/1/2012,365,"PREVENCIÓN DE ITS, VIH/SIDA",0,hiv,gua_311_g06_h,SICOIN
HUEHUETENANGO,630937,630936.26,ghe,1/1/2012,365,"DIAGNÓSTICO Y TRATAMIENTO DE ITS, VIH/SIDA",0,hiv,gua_311_g06_h,SICOIN
HUEHUETENANGO,51000,51000,ghe,1/1/2012,365,VÍCTIMAS/SOBREVIVIENTES ATENDIDAS POR VIOLENCIA SEXUAL,0,hiv,gua_311_g06_h,SICOIN
HUEHUETENANGO,665348,665348,ghe,1/1/2012,365,"DIAGNÓSTICO Y TRATAMIENTO DE ITS, VIH/SIDA",0,hiv,gua_311_g06_h,SICOIN
HUEHUETENANGO,46367,46367,ghe,1/1/2012,365,VÍCTIMAS/SOBREVIVIENTES ATENDIDAS POR VIOLENCIA SEXUAL,0,hiv,gua_311_g06_h,SICOIN
QUICHE,1014993,1013423.47,ghe,1/1/2012,365,"DIAGNÓSTICO Y TRATAMIENTO DE ITS, VIH/SIDA",0,hiv,gua_311_g06_h,SICOIN
QUICHE,0,0,ghe,1/1/2012,365,VÍCTIMAS/SOBREVIVIENTES ATENDIDAS POR VIOLENCIA SEXUAL,0,hiv,gua_311_g06_h,SICOIN
QUICHE,0,0,ghe,1/1/2012,365,"DIAGNÓSTICO Y TRATAMIENTO DE ITS, VIH/SIDA",0,hiv,gua_311_g06_h,SICOIN
QUICHE,0,0,ghe,1/1/2012,365,"DIAGNÓSTICO Y TRATAMIENTO DE ITS, VIH/SIDA",0,hiv,gua_311_g06_h,SICOIN
QUICHE,0,0,ghe,1/1/2012,365,"PREVENCIÓN DE ITS, VIH/SIDA",0,hiv,gua_311_g06_h,SICOIN
QUICHE,0,0,ghe,1/1/2012,365,"DIAGNÓSTICO Y TRATAMIENTO DE ITS, VIH/SIDA",0,hiv,gua_311_g06_h,SICOIN
QUICHE,0,0,ghe,1/1/2012,365,"DIAGNÓSTICO Y TRATAMIENTO DE ITS, VIH/SIDA",0,hiv,gua_311_g06_h,SICOIN
QUICHE,0,0,ghe,1/1/2012,365,"DIAGNÓSTICO Y TRATAMIENTO DE ITS, VIH/SIDA",0,hiv,gua_311_g06_h,SICOIN
QUICHE,0,0,ghe,1/1/2012,365,"DIAGNÓSTICO Y TRATAMIENTO DE ITS, VIH/SIDA",0,hiv,gua_311_g06_h,SICOIN
QUICHE,0,0,ghe,1/1/2012,365,"DIAGNÓSTICO Y TRATAMIENTO DE ITS, VIH/SIDA",0,hiv,gua_311_g06_h,SICOIN
QUICHE,0,0,ghe,1/1/2012,365,"PREVENCIÓN DE ITS, VIH/SIDA",0,hiv,gua_311_g06_h,SICOIN
QUICHE,0,0,ghe,1/1/2012,365,"DIAGNÓSTICO Y TRATAMIENTO DE ITS, VIH/SIDA",0,hiv,gua_311_g06_h,SICOIN
QUICHE,0,0,ghe,1/1/2012,365,"DIAGNÓSTICO Y TRATAMIENTO DE ITS, VIH/SIDA",0,hiv,gua_311_g06_h,SICOIN
QUICHE,90000,90000,ghe,1/1/2012,365,"PREVENCIÓN DE ITS, VIH/SIDA",0,hiv,gua_311_g06_h,SICOIN
QUICHE,186575,186556.58,ghe,1/1/2012,365,"DIAGNÓSTICO Y TRATAMIENTO DE ITS, VIH/SIDA",0,hiv,gua_311_g06_h,SICOIN
QUICHE,7000,6980,ghe,1/1/2012,365,VÍCTIMAS/SOBREVIVIENTES ATENDIDAS POR VIOLENCIA SEXUAL,0,hiv,gua_311_g06_h,SICOIN
QUICHE,0,0,ghe,1/1/2012,365,"DIAGNÓSTICO Y TRATAMIENTO DE ITS, VIH/SIDA",0,hiv,gua_311_g06_h,SICOIN
QUICHE,0,0,ghe,1/1/2012,365,"DIAGNÓSTICO Y TRATAMIENTO DE ITS, VIH/SIDA",0,hiv,gua_311_g06_h,SICOIN
QUICHE,0,0,ghe,1/1/2012,365,"DIAGNÓSTICO Y TRATAMIENTO DE ITS, VIH/SIDA",0,hiv,gua_311_g06_h,SICOIN
QUICHE,0,0,ghe,1/1/2012,365,"DIAGNÓSTICO Y TRATAMIENTO DE ITS, VIH/SIDA",0,hiv,gua_311_g06_h,SICOIN
QUICHE,0,0,ghe,1/1/2012,365,"DIAGNÓSTICO Y TRATAMIENTO DE ITS, VIH/SIDA",0,hiv,gua_311_g06_h,SICOIN
QUICHE,39338,39336.84,ghe,1/1/2012,365,"PREVENCIÓN DE ITS, VIH/SIDA",0,hiv,gua_311_g06_h,SICOIN
QUICHE,187733,187732.88,ghe,1/1/2012,365,"DIAGNÓSTICO Y TRATAMIENTO DE ITS, VIH/SIDA",0,hiv,gua_311_g06_h,SICOIN
QUICHE,0,0,ghe,1/1/2012,365,"DIAGNÓSTICO Y TRATAMIENTO DE ITS, VIH/SIDA",0,hiv,gua_311_g06_h,SICOIN
BAJA VERAPAZ,398.5,398.5,ghe,1/1/2012,365,"PREVENCIÓN DE ITS, VIH/SIDA",0,hiv,gua_311_g06_h,SICOIN
BAJA VERAPAZ,9857,9857,ghe,1/1/2012,365,"DIAGNÓSTICO Y TRATAMIENTO DE ITS, VIH/SIDA",0,hiv,gua_311_g06_h,SICOIN
BAJA VERAPAZ,40.75,0,ghe,1/1/2012,365,"PREVENCIÓN DE ITS, VIH/SIDA",0,hiv,gua_311_g06_h,SICOIN
BAJA VERAPAZ,0,0,ghe,1/1/2012,365,"DIAGNÓSTICO Y TRATAMIENTO DE ITS, VIH/SIDA",0,hiv,gua_311_g06_h,SICOIN
BAJA VERAPAZ,0,0,ghe,1/1/2012,365,"PREVENCIÓN DE ITS, VIH/SIDA",0,hiv,gua_311_g06_h,SICOIN
BAJA VERAPAZ,0,0,ghe,1/1/2012,365,"DIAGNÓSTICO Y TRATAMIENTO DE ITS, VIH/SIDA",0,hiv,gua_311_g06_h,SICOIN
BAJA VERAPAZ,112.75,112.75,ghe,1/1/2012,365,"PREVENCIÓN DE ITS, VIH/SIDA",0,hiv,gua_311_g06_h,SICOIN
BAJA VERAPAZ,0,0,ghe,1/1/2012,365,"DIAGNÓSTICO Y TRATAMIENTO DE ITS, VIH/SIDA",0,hiv,gua_311_g06_h,SICOIN
BAJA VERAPAZ,0,0,ghe,1/1/2012,365,"PREVENCIÓN DE ITS, VIH/SIDA",0,hiv,gua_311_g06_h,SICOIN
BAJA VERAPAZ,0,0,ghe,1/1/2012,365,"DIAGNÓSTICO Y TRATAMIENTO DE ITS, VIH/SIDA",0,hiv,gua_311_g06_h,SICOIN
BAJA VERAPAZ,0,0,ghe,1/1/2012,365,"PREVENCIÓN DE ITS, VIH/SIDA",0,hiv,gua_311_g06_h,SICOIN
BAJA VERAPAZ,0,0,ghe,1/1/2012,365,"DIAGNÓSTICO Y TRATAMIENTO DE ITS, VIH/SIDA",0,hiv,gua_311_g06_h,SICOIN
BAJA VERAPAZ,0,0,ghe,1/1/2012,365,"PREVENCIÓN DE ITS, VIH/SIDA",0,hiv,gua_311_g06_h,SICOIN
BAJA VERAPAZ,0,0,ghe,1/1/2012,365,"DIAGNÓSTICO Y TRATAMIENTO DE ITS, VIH/SIDA",0,hiv,gua_311_g06_h,SICOIN
BAJA VERAPAZ,0,0,ghe,1/1/2012,365,"PREVENCIÓN DE ITS, VIH/SIDA",0,hiv,gua_311_g06_h,SICOIN
BAJA VERAPAZ,0,0,ghe,1/1/2012,365,"DIAGNÓSTICO Y TRATAMIENTO DE ITS, VIH/SIDA",0,hiv,gua_311_g06_h,SICOIN
ALTA VERAPAZ,386480,370379.46,ghe,1/1/2012,365,"DIAGNÓSTICO Y TRATAMIENTO DE ITS, VIH/SIDA",0,hiv,gua_311_g06_h,SICOIN
PETEN,711,711,ghe,1/1/2012,365,"PREVENCIÓN DE ITS, VIH/SIDA",0,hiv,gua_311_g06_h,SICOIN
PETEN,2466,2466,ghe,1/1/2012,365,"DIAGNÓSTICO Y TRATAMIENTO DE ITS, VIH/SIDA",0,hiv,gua_311_g06_h,SICOIN
PETEN,606,606,ghe,1/1/2012,365,VÍCTIMAS/SOBREVIVIENTES ATENDIDAS POR VIOLENCIA SEXUAL,0,hiv,gua_311_g06_h,SICOIN
PETEN,0,0,ghe,1/1/2012,365,"PREVENCIÓN DE ITS, VIH/SIDA",0,hiv,gua_311_g06_h,SICOIN
PETEN,0,0,ghe,1/1/2012,365,"DIAGNÓSTICO Y TRATAMIENTO DE ITS, VIH/SIDA",0,hiv,gua_311_g06_h,SICOIN
PETEN,0,0,ghe,1/1/2012,365,VÍCTIMAS/SOBREVIVIENTES ATENDIDAS POR VIOLENCIA SEXUAL,0,hiv,gua_311_g06_h,SICOIN
PETEN,143382,140581.48,ghe,1/1/2012,365,"PREVENCIÓN DE ITS, VIH/SIDA",0,hiv,gua_311_g06_h,SICOIN
PETEN,10915,10915,ghe,1/1/2012,365,"DIAGNÓSTICO Y TRATAMIENTO DE ITS, VIH/SIDA",0,hiv,gua_311_g06_h,SICOIN
PETEN,0,0,ghe,1/1/2012,365,"PREVENCIÓN DE ITS, VIH/SIDA",0,hiv,gua_311_g06_h,SICOIN
PETEN,0,0,ghe,1/1/2012,365,"DIAGNÓSTICO Y TRATAMIENTO DE ITS, VIH/SIDA",0,hiv,gua_311_g06_h,SICOIN
PETEN,0,0,ghe,1/1/2012,365,VÍCTIMAS/SOBREVIVIENTES ATENDIDAS POR VIOLENCIA SEXUAL,0,hiv,gua_311_g06_h,SICOIN
PETEN,5212,0,ghe,1/1/2012,365,"PREVENCIÓN DE ITS, VIH/SIDA",0,hiv,gua_311_g06_h,SICOIN
PETEN,24771,24559,ghe,1/1/2012,365,"DIAGNÓSTICO Y TRATAMIENTO DE ITS, VIH/SIDA",0,hiv,gua_311_g06_h,SICOIN
PETEN,35,0,ghe,1/1/2012,365,VÍCTIMAS/SOBREVIVIENTES ATENDIDAS POR VIOLENCIA SEXUAL,0,hiv,gua_311_g06_h,SICOIN
PETEN,1334,0,ghe,1/1/2012,365,"PREVENCIÓN DE ITS, VIH/SIDA",0,hiv,gua_311_g06_h,SICOIN
PETEN,108859,117778.3,ghe,1/1/2012,365,"DIAGNÓSTICO Y TRATAMIENTO DE ITS, VIH/SIDA",0,hiv,gua_311_g06_h,SICOIN
PETEN,57,0,ghe,1/1/2012,365,VÍCTIMAS/SOBREVIVIENTES ATENDIDAS POR VIOLENCIA SEXUAL,0,hiv,gua_311_g06_h,SICOIN
PETEN,3588,605,ghe,1/1/2012,365,"PREVENCIÓN DE ITS, VIH/SIDA",0,hiv,gua_311_g06_h,SICOIN
PETEN,146481,137775,ghe,1/1/2012,365,"DIAGNÓSTICO Y TRATAMIENTO DE ITS, VIH/SIDA",0,hiv,gua_311_g06_h,SICOIN
PETEN,66,16,ghe,1/1/2012,365,VÍCTIMAS/SOBREVIVIENTES ATENDIDAS POR VIOLENCIA SEXUAL,0,hiv,gua_311_g06_h,SICOIN
PETEN,40960,39619,ghe,1/1/2012,365,"PREVENCIÓN DE ITS, VIH/SIDA",0,hiv,gua_311_g06_h,SICOIN
PETEN,174782,174776.32,ghe,1/1/2012,365,"DIAGNÓSTICO Y TRATAMIENTO DE ITS, VIH/SIDA",0,hiv,gua_311_g06_h,SICOIN
PETEN,0,0,ghe,1/1/2012,365,"PREVENCIÓN DE ITS, VIH/SIDA",0,hiv,gua_311_g06_h,SICOIN
PETEN,0,0,ghe,1/1/2012,365,"DIAGNÓSTICO Y TRATAMIENTO DE ITS, VIH/SIDA",0,hiv,gua_311_g06_h,SICOIN
PETEN,0,0,ghe,1/1/2012,365,VÍCTIMAS/SOBREVIVIENTES ATENDIDAS POR VIOLENCIA SEXUAL,0,hiv,gua_311_g06_h,SICOIN
PETEN,1327,0,ghe,1/1/2012,365,"PREVENCIÓN DE ITS, VIH/SIDA",0,hiv,gua_311_g06_h,SICOIN
PETEN,566,0,ghe,1/1/2012,365,"DIAGNÓSTICO Y TRATAMIENTO DE ITS, VIH/SIDA",0,hiv,gua_311_g06_h,SICOIN
PETEN,0,0,ghe,1/1/2012,365,"PREVENCIÓN DE ITS, VIH/SIDA",0,hiv,gua_311_g06_h,SICOIN
PETEN,7820,7820,ghe,1/1/2012,365,"DIAGNÓSTICO Y TRATAMIENTO DE ITS, VIH/SIDA",0,hiv,gua_311_g06_h,SICOIN
IZABAL,27469,25355.5,ghe,1/1/2012,365,"PREVENCIÓN DE ITS, VIH/SIDA",0,hiv,gua_311_g06_h,SICOIN
IZABAL,287958.39,287166.15,ghe,1/1/2012,365,"DIAGNÓSTICO Y TRATAMIENTO DE ITS, VIH/SIDA",0,hiv,gua_311_g06_h,SICOIN
IZABAL,0,0,ghe,1/1/2012,365,VÍCTIMAS/SOBREVIVIENTES ATENDIDAS POR VIOLENCIA SEXUAL,0,hiv,gua_311_g06_h,SICOIN
IZABAL,293.5,0,ghe,1/1/2012,365,"PREVENCIÓN DE ITS, VIH/SIDA",0,hiv,gua_311_g06_h,SICOIN
IZABAL,66499.57,40889.6,ghe,1/1/2012,365,"DIAGNÓSTICO Y TRATAMIENTO DE ITS, VIH/SIDA",0,hiv,gua_311_g06_h,SICOIN
IZABAL,131,0,ghe,1/1/2012,365,VÍCTIMAS/SOBREVIVIENTES ATENDIDAS POR VIOLENCIA SEXUAL,0,hiv,gua_311_g06_h,SICOIN
IZABAL,500,0,ghe,1/1/2012,365,"PREVENCIÓN DE ITS, VIH/SIDA",0,hiv,gua_311_g06_h,SICOIN
IZABAL,37032,37032,ghe,1/1/2012,365,"DIAGNÓSTICO Y TRATAMIENTO DE ITS, VIH/SIDA",0,hiv,gua_311_g06_h,SICOIN
IZABAL,262.5,262.5,ghe,1/1/2012,365,"PREVENCIÓN DE ITS, VIH/SIDA",0,hiv,gua_311_g06_h,SICOIN
IZABAL,16852,16852,ghe,1/1/2012,365,"DIAGNÓSTICO Y TRATAMIENTO DE ITS, VIH/SIDA",0,hiv,gua_311_g06_h,SICOIN
IZABAL,15500.04,15500.04,ghe,1/1/2012,365,"DIAGNÓSTICO Y TRATAMIENTO DE ITS, VIH/SIDA",0,hiv,gua_311_g06_h,SICOIN
ZACAPA,129633,113998.58,ghe,1/1/2012,365,"PREVENCIÓN DE ITS, VIH/SIDA",0,hiv,gua_311_g06_h,SICOIN
ZACAPA,1763827,1754883.27,ghe,1/1/2012,365,"DIAGNÓSTICO Y TRATAMIENTO DE ITS, VIH/SIDA",0,hiv,gua_311_g06_h,SICOIN
ZACAPA,0,0,ghe,1/1/2012,365,"PREVENCIÓN DE ITS, VIH/SIDA",0,hiv,gua_311_g06_h,SICOIN
ZACAPA,0,0,ghe,1/1/2012,365,"DIAGNÓSTICO Y TRATAMIENTO DE ITS, VIH/SIDA",0,hiv,gua_311_g06_h,SICOIN
ZACAPA,0,0,ghe,1/1/2012,365,"PREVENCIÓN DE ITS, VIH/SIDA",0,hiv,gua_311_g06_h,SICOIN
ZACAPA,0,0,ghe,1/1/2012,365,"DIAGNÓSTICO Y TRATAMIENTO DE ITS, VIH/SIDA",0,hiv,gua_311_g06_h,SICOIN
ZACAPA,0,0,ghe,1/1/2012,365,"PREVENCIÓN DE ITS, VIH/SIDA",0,hiv,gua_311_g06_h,SICOIN
ZACAPA,0,0,ghe,1/1/2012,365,"DIAGNÓSTICO Y TRATAMIENTO DE ITS, VIH/SIDA",0,hiv,gua_311_g06_h,SICOIN
CHIQUIMULA,32873,31251,ghe,1/1/2012,365,"PREVENCIÓN DE ITS, VIH/SIDA",0,hiv,gua_311_g06_h,SICOIN
CHIQUIMULA,123048.99,112066.99,ghe,1/1/2012,365,"DIAGNÓSTICO Y TRATAMIENTO DE ITS, VIH/SIDA",0,hiv,gua_311_g06_h,SICOIN
CHIQUIMULA,2000,2000,ghe,1/1/2012,365,VÍCTIMAS/SOBREVIVIENTES ATENDIDAS POR VIOLENCIA SEXUAL,0,hiv,gua_311_g06_h,SICOIN
CHIQUIMULA,2129,2129,ghe,1/1/2012,365,"PREVENCIÓN DE ITS, VIH/SIDA",0,hiv,gua_311_g06_h,SICOIN
CHIQUIMULA,0,0,ghe,1/1/2012,365,"DIAGNÓSTICO Y TRATAMIENTO DE ITS, VIH/SIDA",0,hiv,gua_311_g06_h,SICOIN
CHIQUIMULA,0,0,ghe,1/1/2012,365,"DIAGNÓSTICO Y TRATAMIENTO DE ITS, VIH/SIDA",0,hiv,gua_311_g06_h,SICOIN
CHIQUIMULA,0,0,ghe,1/1/2012,365,"PREVENCIÓN DE ITS, VIH/SIDA",0,hiv,gua_311_g06_h,SICOIN
CHIQUIMULA,0,0,ghe,1/1/2012,365,"DIAGNÓSTICO Y TRATAMIENTO DE ITS, VIH/SIDA",0,hiv,gua_311_g06_h,SICOIN
CHIQUIMULA,0,0,ghe,1/1/2012,365,"PREVENCIÓN DE ITS, VIH/SIDA",0,hiv,gua_311_g06_h,SICOIN
CHIQUIMULA,640,640,ghe,1/1/2012,365,"DIAGNÓSTICO Y TRATAMIENTO DE ITS, VIH/SIDA",0,hiv,gua_311_g06_h,SICOIN
CHIQUIMULA,0,0,ghe,1/1/2012,365,"PREVENCIÓN DE ITS, VIH/SIDA",0,hiv,gua_311_g06_h,SICOIN
CHIQUIMULA,37600,37600,ghe,1/1/2012,365,"DIAGNÓSTICO Y TRATAMIENTO DE ITS, VIH/SIDA",0,hiv,gua_311_g06_h,SICOIN
CHIQUIMULA,15252,15252,ghe,1/1/2012,365,"DIAGNÓSTICO Y TRATAMIENTO DE ITS, VIH/SIDA",0,hiv,gua_311_g06_h,SICOIN
CHIQUIMULA,0,0,ghe,1/1/2012,365,"PREVENCIÓN DE ITS, VIH/SIDA",0,hiv,gua_311_g06_h,SICOIN
CHIQUIMULA,40192.01,40192.01,ghe,1/1/2012,365,"DIAGNÓSTICO Y TRATAMIENTO DE ITS, VIH/SIDA",0,hiv,gua_311_g06_h,SICOIN
CHIQUIMULA,30000,30000,ghe,1/1/2012,365,"DIAGNÓSTICO Y TRATAMIENTO DE ITS, VIH/SIDA",0,hiv,gua_311_g06_h,SICOIN
JALAPA,619961.52,611411.52,ghe,1/1/2012,365,"DIAGNÓSTICO Y TRATAMIENTO DE ITS, VIH/SIDA",0,hiv,gua_311_g06_h,SICOIN
JALAPA,0,0,ghe,1/1/2012,365,"DIAGNÓSTICO Y TRATAMIENTO DE ITS, VIH/SIDA",0,hiv,gua_311_g06_h,SICOIN
JALAPA,0,0,ghe,1/1/2012,365,"DIAGNÓSTICO Y TRATAMIENTO DE ITS, VIH/SIDA",0,hiv,gua_311_g06_h,SICOIN
JALAPA,0,0,ghe,1/1/2012,365,"DIAGNÓSTICO Y TRATAMIENTO DE ITS, VIH/SIDA",0,hiv,gua_311_g06_h,SICOIN
JALAPA,0,0,ghe,1/1/2012,365,"DIAGNÓSTICO Y TRATAMIENTO DE ITS, VIH/SIDA",0,hiv,gua_311_g06_h,SICOIN
JALAPA,0,0,ghe,1/1/2012,365,"DIAGNÓSTICO Y TRATAMIENTO DE ITS, VIH/SIDA",0,hiv,gua_311_g06_h,SICOIN
JALAPA,74.48,0,ghe,1/1/2012,365,"DIAGNÓSTICO Y TRATAMIENTO DE ITS, VIH/SIDA",0,hiv,gua_311_g06_h,SICOIN
JUTIAPA,18802,18802,ghe,1/1/2012,365,"DIAGNÓSTICO Y TRATAMIENTO DE ITS, VIH/SIDA",0,hiv,gua_311_g06_h,SICOIN
JUTIAPA,34411,34411,ghe,1/1/2012,365,"DIAGNÓSTICO Y TRATAMIENTO DE ITS, VIH/SIDA",0,hiv,gua_311_g06_h,SICOIN
JUTIAPA,11761,11761,ghe,1/1/2012,365,"DIAGNÓSTICO Y TRATAMIENTO DE ITS, VIH/SIDA",0,hiv,gua_311_g06_h,SICOIN
JUTIAPA,1411,1411,ghe,1/1/2012,365,"DIAGNÓSTICO Y TRATAMIENTO DE ITS, VIH/SIDA",0,hiv,gua_311_g06_h,SICOIN
JUTIAPA,256,256,ghe,1/1/2012,365,"PREVENCIÓN DE ITS, VIH/SIDA",0,hiv,gua_311_g06_h,SICOIN
JUTIAPA,11414,11414,ghe,1/1/2012,365,"DIAGNÓSTICO Y TRATAMIENTO DE ITS, VIH/SIDA",0,hiv,gua_311_g06_h,SICOIN
JUTIAPA,10058,10058,ghe,1/1/2012,365,"DIAGNÓSTICO Y TRATAMIENTO DE ITS, VIH/SIDA",0,hiv,gua_311_g06_h,SICOIN
JUTIAPA,33919,33919,ghe,1/1/2012,365,"DIAGNÓSTICO Y TRATAMIENTO DE ITS, VIH/SIDA",0,hiv,gua_311_g06_h,SICOIN
JUTIAPA,334,334,ghe,1/1/2012,365,"DIAGNÓSTICO Y TRATAMIENTO DE ITS, VIH/SIDA",0,hiv,gua_311_g06_h,SICOIN
JUTIAPA,9740,9740,ghe,1/1/2012,365,"DIAGNÓSTICO Y TRATAMIENTO DE ITS, VIH/SIDA",0,hiv,gua_311_g06_h,SICOIN
JUTIAPA,10009,10009,ghe,1/1/2012,365,"DIAGNÓSTICO Y TRATAMIENTO DE ITS, VIH/SIDA",0,hiv,gua_311_g06_h,SICOIN
JUTIAPA,9771,9771,ghe,1/1/2012,365,"DIAGNÓSTICO Y TRATAMIENTO DE ITS, VIH/SIDA",0,hiv,gua_311_g06_h,SICOIN
JUTIAPA,1149,1149,ghe,1/1/2012,365,"DIAGNÓSTICO Y TRATAMIENTO DE ITS, VIH/SIDA",0,hiv,gua_311_g06_h,SICOIN
JUTIAPA,4765,4765,ghe,1/1/2012,365,"DIAGNÓSTICO Y TRATAMIENTO DE ITS, VIH/SIDA",0,hiv,gua_311_g06_h,SICOIN
JUTIAPA,12963,12963,ghe,1/1/2012,365,"DIAGNÓSTICO Y TRATAMIENTO DE ITS, VIH/SIDA",0,hiv,gua_311_g06_h,SICOIN
JUTIAPA,434,434,ghe,1/1/2012,365,"DIAGNÓSTICO Y TRATAMIENTO DE ITS, VIH/SIDA",0,hiv,gua_311_g06_h,SICOIN
JUTIAPA,614,614,ghe,1/1/2012,365,"DIAGNÓSTICO Y TRATAMIENTO DE ITS, VIH/SIDA",0,hiv,gua_311_g06_h,SICOIN
JUTIAPA,539,539,ghe,1/1/2012,365,"DIAGNÓSTICO Y TRATAMIENTO DE ITS, VIH/SIDA",0,hiv,gua_311_g06_h,SICOIN
GUATEMALA,1514,0,ghe,1/1/2012,365,"PREVENCIÓN DE ITS, VIH/SIDA",0,hiv,gua_311_g06_h,SICOIN
GUATEMALA,0,22623.27,ghe,1/1/2012,365,"DIAGNÓSTICO Y TRATAMIENTO DE ITS, VIH/SIDA",0,hiv,gua_311_g06_h,SICOIN
EL PROGRESO,30433,30432.6,ghe,1/1/2012,365,"DIAGNÓSTICO Y TRATAMIENTO DE ITS, VIH/SIDA",0,hiv,gua_311_g06_h,SICOIN
EL PROGRESO,0,0,ghe,1/1/2012,365,VÍCTIMAS/SOBREVIVIENTES ATENDIDAS POR VIOLENCIA SEXUAL,0,hiv,gua_311_g06_h,SICOIN
ESCUINTLA,50,0,ghe,1/1/2012,365,"DIAGNÓSTICO Y TRATAMIENTO DE ITS, VIH/SIDA",0,hiv,gua_311_g06_h,SICOIN
ESCUINTLA,50,0,ghe,1/1/2012,365,"DIAGNÓSTICO Y TRATAMIENTO DE ITS, VIH/SIDA",0,hiv,gua_311_g06_h,SICOIN
ESCUINTLA,50,0,ghe,1/1/2012,365,"DIAGNÓSTICO Y TRATAMIENTO DE ITS, VIH/SIDA",0,hiv,gua_311_g06_h,SICOIN
ESCUINTLA,50,0,ghe,1/1/2012,365,"DIAGNÓSTICO Y TRATAMIENTO DE ITS, VIH/SIDA",0,hiv,gua_311_g06_h,SICOIN
ESCUINTLA,50,0,ghe,1/1/2012,365,"DIAGNÓSTICO Y TRATAMIENTO DE ITS, VIH/SIDA",0,hiv,gua_311_g06_h,SICOIN
QUETZALTENANGO,0,0,ghe,1/1/2012,365,"DIAGNÓSTICO Y TRATAMIENTO DE ITS, VIH/SIDA",0,hiv,gua_311_g06_h,SICOIN
QUETZALTENANGO,0,0,ghe,1/1/2012,365,VÍCTIMAS/SOBREVIVIENTES ATENDIDAS POR VIOLENCIA SEXUAL,0,hiv,gua_311_g06_h,SICOIN
SUCHITEPEQUEZ,42400,42400,ghe,1/1/2012,365,"DIAGNÓSTICO Y TRATAMIENTO DE ITS, VIH/SIDA",0,hiv,gua_311_g06_h,SICOIN
RETALHULEU,4940,4601.2,ghe,1/1/2012,365,"DIAGNÓSTICO Y TRATAMIENTO DE ITS, VIH/SIDA",0,hiv,gua_311_g06_h,SICOIN
SAN MARCOS,74100,74100,ghe,1/1/2012,365,"PREVENCIÓN DE ITS, VIH/SIDA",0,hiv,gua_311_g06_h,SICOIN
SAN MARCOS,602226.9,525410.9,ghe,1/1/2012,365,"DIAGNÓSTICO Y TRATAMIENTO DE ITS, VIH/SIDA",0,hiv,gua_311_g06_h,SICOIN
SAN MARCOS,14416.4,14416.4,ghe,1/1/2012,365,"DIAGNÓSTICO Y TRATAMIENTO DE ITS, VIH/SIDA",0,hiv,gua_311_g06_h,SICOIN
SAN MARCOS,14416.4,14416.4,ghe,1/1/2012,365,"DIAGNÓSTICO Y TRATAMIENTO DE ITS, VIH/SIDA",0,hiv,gua_311_g06_h,SICOIN
SAN MARCOS,14416.4,14416.4,ghe,1/1/2012,365,"DIAGNÓSTICO Y TRATAMIENTO DE ITS, VIH/SIDA",0,hiv,gua_311_g06_h,SICOIN
SAN MARCOS,14416.4,14416.4,ghe,1/1/2012,365,"DIAGNÓSTICO Y TRATAMIENTO DE ITS, VIH/SIDA",0,hiv,gua_311_g06_h,SICOIN
SAN MARCOS,14416.4,14416.4,ghe,1/1/2012,365,"DIAGNÓSTICO Y TRATAMIENTO DE ITS, VIH/SIDA",0,hiv,gua_311_g06_h,SICOIN
SAN MARCOS,103416.9,103416.4,ghe,1/1/2012,365,"DIAGNÓSTICO Y TRATAMIENTO DE ITS, VIH/SIDA",0,hiv,gua_311_g06_h,SICOIN
SAN MARCOS,14416.4,14416.4,ghe,1/1/2012,365,"DIAGNÓSTICO Y TRATAMIENTO DE ITS, VIH/SIDA",0,hiv,gua_311_g06_h,SICOIN
SAN MARCOS,14416.4,14416.4,ghe,1/1/2012,365,"DIAGNÓSTICO Y TRATAMIENTO DE ITS, VIH/SIDA",0,hiv,gua_311_g06_h,SICOIN
SAN MARCOS,14409.4,14409.4,ghe,1/1/2012,365,"DIAGNÓSTICO Y TRATAMIENTO DE ITS, VIH/SIDA",0,hiv,gua_311_g06_h,SICOIN
SAN MARCOS,330000,265500,ghe,1/1/2012,365,"DIAGNÓSTICO Y TRATAMIENTO DE ITS, VIH/SIDA",0,hiv,gua_311_g06_h,SICOIN
QUICHE,182251,182250.1,ghe,1/1/2012,365,"DIAGNÓSTICO Y TRATAMIENTO DE ITS, VIH/SIDA",0,hiv,gua_311_g06_h,SICOIN
QUICHE,1264,1263.24,ghe,1/1/2012,365,VÍCTIMAS/SOBREVIVIENTES ATENDIDAS POR VIOLENCIA SEXUAL,0,hiv,gua_311_g06_h,SICOIN
QUICHE,52608,52608,ghe,1/1/2012,365,"DIAGNÓSTICO Y TRATAMIENTO DE ITS, VIH/SIDA",0,hiv,gua_311_g06_h,SICOIN
PETEN,350000,328559.85,ghe,1/1/2012,365,"PREVENCIÓN DE ITS, VIH/SIDA",0,hiv,gua_311_g06_h,SICOIN
IZABAL,10100,9964.85,ghe,1/1/2012,365,"PREVENCIÓN DE ITS, VIH/SIDA",0,hiv,gua_311_g06_h,SICOIN
IZABAL,1053500,1052891.42,ghe,1/1/2012,365,"DIAGNÓSTICO Y TRATAMIENTO DE ITS, VIH/SIDA",0,hiv,gua_311_g06_h,SICOIN
IZABAL,55000,53373.3,ghe,1/1/2012,365,VÍCTIMAS/SOBREVIVIENTES ATENDIDAS POR VIOLENCIA SEXUAL,0,hiv,gua_311_g06_h,SICOIN
ZACAPA,19373,19373,ghe,1/1/2012,365,"PREVENCIÓN DE ITS, VIH/SIDA",0,hiv,gua_311_g06_h,SICOIN
ZACAPA,0,0,ghe,1/1/2012,365,"PREVENCIÓN DE ITS, VIH/SIDA",0,hiv,gua_311_g06_h,SICOIN
ZACAPA,0,0,ghe,1/1/2012,365,"DIAGNÓSTICO Y TRATAMIENTO DE ITS, VIH/SIDA",0,hiv,gua_311_g06_h,SICOIN
ZACAPA,0,0,ghe,1/1/2012,365,"PREVENCIÓN DE ITS, VIH/SIDA",0,hiv,gua_311_g06_h,SICOIN
ZACAPA,29565,29565,ghe,1/1/2012,365,"DIAGNÓSTICO Y TRATAMIENTO DE ITS, VIH/SIDA",0,hiv,gua_311_g06_h,SICOIN
ZACAPA,0,0,ghe,1/1/2012,365,"PREVENCIÓN DE ITS, VIH/SIDA",0,hiv,gua_311_g06_h,SICOIN
ZACAPA,0,0,ghe,1/1/2012,365,"DIAGNÓSTICO Y TRATAMIENTO DE ITS, VIH/SIDA",0,hiv,gua_311_g06_h,SICOIN
ZACAPA,0,0,ghe,1/1/2012,365,"DIAGNÓSTICO Y TRATAMIENTO DE ITS, VIH/SIDA",0,hiv,gua_311_g06_h,SICOIN
ZACAPA,0,0,ghe,1/1/2012,365,"PREVENCIÓN DE ITS, VIH/SIDA",0,hiv,gua_311_g06_h,SICOIN
ZACAPA,125,125,ghe,1/1/2012,365,VÍCTIMAS/SOBREVIVIENTES ATENDIDAS POR VIOLENCIA SEXUAL,0,hiv,gua_311_g06_h,SICOIN
CHIQUIMULA,3500,0,ghe,1/1/2012,365,"PREVENCIÓN DE ITS, VIH/SIDA",0,hiv,gua_311_g06_h,SICOIN
CHIQUIMULA,196850,158519,ghe,1/1/2012,365,"DIAGNÓSTICO Y TRATAMIENTO DE ITS, VIH/SIDA",0,hiv,gua_311_g06_h,SICOIN
CHIQUIMULA,0,0,ghe,1/1/2012,365,"DIAGNÓSTICO Y TRATAMIENTO DE ITS, VIH/SIDA",0,hiv,gua_311_g06_h,SICOIN
CHIQUIMULA,800,0,ghe,1/1/2012,365,"PREVENCIÓN DE ITS, VIH/SIDA",0,hiv,gua_311_g06_h,SICOIN
CHIQUIMULA,0,0,ghe,1/1/2012,365,"DIAGNÓSTICO Y TRATAMIENTO DE ITS, VIH/SIDA",0,hiv,gua_311_g06_h,SICOIN
SAN MARCOS,0,0,ghe,1/1/2012,365,"PREVENCIÓN DE ITS, VIH/SIDA",0,hiv,gua_311_g06_h,SICOIN
QUICHE,0,0,ghe,1/1/2012,365,"PREVENCIÓN DE ITS, VIH/SIDA",0,hiv,gua_311_g06_h,SICOIN
QUICHE,0,0,ghe,1/1/2012,365,"PREVENCIÓN DE ITS, VIH/SIDA",0,hiv,gua_311_g06_h,SICOIN
QUICHE,0,0,ghe,1/1/2012,365,"PREVENCIÓN DE ITS, VIH/SIDA",0,hiv,gua_311_g06_h,SICOIN
ZACAPA,0,0,ghe,1/1/2012,365,"PREVENCIÓN DE ITS, VIH/SIDA",0,hiv,gua_311_g06_h,SICOIN
ZACAPA,0,0,ghe,1/1/2012,365,"PREVENCIÓN DE ITS, VIH/SIDA",0,hiv,gua_311_g06_h,SICOIN
GUATEMALA,11341837,8965330.36,ghe,1/1/2012,365,"PREVENCIÓN DE ITS, VIH/SIDA",0,hiv,gua_311_g06_h,SICOIN
GUATEMALA,1350,0,ghe,1/1/2012,365,"PREVENCIÓN DE ITS, VIH/SIDA",0,hiv,gua_311_g06_h,SICOIN
HUEHUETENANGO,13000,12500,ghe,1/1/2012,365,"PREVENCIÓN DE ITS, VIH/SIDA",0,hiv,gua_311_g06_h,SICOIN
HUEHUETENANGO,9121,9121,ghe,1/1/2012,365,"DIAGNÓSTICO Y TRATAMIENTO DE ITS, VIH/SIDA",0,hiv,gua_311_g06_h,SICOIN
QUICHE,3350,3350,ghe,1/1/2012,365,"PREVENCIÓN DE ITS, VIH/SIDA",0,hiv,gua_311_g06_h,SICOIN
QUICHE,60000,59972,ghe,1/1/2012,365,"DIAGNÓSTICO Y TRATAMIENTO DE ITS, VIH/SIDA",0,hiv,gua_311_g06_h,SICOIN
QUICHE,43400,35046.4,ghe,1/1/2012,365,"DIAGNÓSTICO Y TRATAMIENTO DE ITS, VIH/SIDA",0,hiv,gua_311_g06_h,SICOIN
QUICHE,7600,7600,ghe,1/1/2012,365,"PREVENCIÓN DE ITS, VIH/SIDA",0,hiv,gua_311_g06_h,SICOIN
QUICHE,34000,34000,ghe,1/1/2012,365,"DIAGNÓSTICO Y TRATAMIENTO DE ITS, VIH/SIDA",0,hiv,gua_311_g06_h,SICOIN
ALTA VERAPAZ,120000,120000,ghe,1/1/2012,365,"PREVENCIÓN DE ITS, VIH/SIDA",0,hiv,gua_311_g06_h,SICOIN
ALTA VERAPAZ,227600,227592.92,ghe,1/1/2012,365,"DIAGNÓSTICO Y TRATAMIENTO DE ITS, VIH/SIDA",0,hiv,gua_311_g06_h,SICOIN
gtm,50065335,48112398.07,ghe,1/1/2012,365,PREVENCIÓN DE ITS Y VIH/SIDA,NA,hiv,unknown,SICOIN
gtm,8259693,7827746.53,ghe,1/1/2012,365,PREVENCIÓN Y CONTROL DE LA TUBERCULOSIS Y OTRAS MICOBACTERIOSIS,NA,tb,unknown,SICOIN
gtm,58975293,57368124.91,ghe,1/1/2012,365,"PREVENCIÓN DE ENFERMEDADES TRANSMITIDAS POR VECTORES (MALARIA, DENGUE Y OTRAS ENFERMEDADES VECTORIALES)",NA,malaria,unknown,SICOIN
gtm,25712568,24717698.96,ghe,1/1/2012,365,"REGISTRO, CONTROL Y VIGILANCIA DE LA MALARIA",NA,malaria,unknown,SICOIN
gtm,53010069,46029549.31,ghe,1/1/2016,365,"PERSONA ATENDIDA PARA LA PREVENCIÓN DE ITS, VIH/SIDA",NA,hiv,unknown,SICOIN
gtm,28835459,24521978.08,ghe,1/1/2016,365,"PERSONA CON DIAGNÓSTICO Y TRATAMIENTO DE ITS, VIH/SIDA",NA,hiv,unknown,SICOIN
gtm,6872439,5417040.41,ghe,1/1/2016,365,VÍCTIMA/SOBREVIVIENTE ATENDIDA POR VIOLENCIA SEXUAL,NA,hiv,unknown,SICOIN
gtm,12857943,6369105.47,ghe,1/1/2016,365,PERSONA INFORMADA SOBRE LA PREVENCIÓN DE LA TUBERCULOSIS,NA,tb,unknown,SICOIN
gtm,9573746,8443711.72,ghe,1/1/2016,365,PERSONA CON DIAGNÓSTICO DE LA TUBERCULOSIS QUE RECIBE TRATAMIENTO,NA,tb,unknown,SICOIN
gtm,37002789,29158919.42,ghe,1/1/2016,365,"PERSONA BENEFICIADA CON ACCIONES DE PREVENCIÓN, CONTROL Y VIGILANCIA DE LA MALARIA",NA,malaria,unknown,SICOIN
gtm,92206617.75,53460270.34,ghe,1/1/2015,365,"PERSONA ATENDIDA PARA LA PREVENCIÓN DE ITS, VIH/SIDA",NA,hiv,unknown,SICOIN
gtm,11803160.25,7825400.96,ghe,1/1/2015,365,"PERSONA CON DIAGNÓSTICO Y TRATAMIENTO DE ITS, VIH/SIDA",NA,hiv,unknown,SICOIN
gtm,2477745,1460160.95,ghe,1/1/2015,365,VÍCTIMA/SOBREVIVIENTE ATENDIDA POR VIOLENCIA SEXUAL,NA,hiv,unknown,SICOIN
gtm,32604651,7548709.82,ghe,1/1/2015,365,PERSONA INFORMADA SOBRE LA PREVENCIÓN DE LA TUBERCULOSIS,NA,tb,unknown,SICOIN
gtm,12633868,11576022.72,ghe,1/1/2015,365,PERSONA CON DIAGNÓSTICO DE LA TUBERCULOSIS QUE RECIBE TRATAMIENTO,NA,tb,unknown,SICOIN
gtm,64023882,39479216.91,ghe,1/1/2015,365,"PERSONA BENEFICIADA CON ACCIONES DE PREVENCIÓN, CONTROL Y VIGILANCIA DE LA MALARIA",NA,malaria,unknown,SICOIN
gtm,42332668,37540534.7,ghe,1/1/2013,365,"PREVENCIÓN DE ITS, VIH/SIDA",NA,hiv,unknown,SICOIN
gtm,22429437,20857641.94,ghe,1/1/2013,365,"DIAGNÓSTICO Y TRATAMIENTO DE ITS, VIH/SIDA",NA,hiv,unknown,SICOIN
gtm,568532,565196.14,ghe,1/1/2013,365,VÍCTIMAS/SOBREVIVIENTES ATENDIDAS POR VIOLENCIA SEXUAL,NA,hiv,unknown,SICOIN
gtm,7946923,6293162.92,ghe,1/1/2013,365,PREVENCIÓN DE LA TUBERCULOSIS,NA,tb,unknown,SICOIN
gtm,6909731,6537795.27,ghe,1/1/2013,365,DIAGNÓSTICO Y TRATAMIENTO DE LA TUBERCULOSIS,NA,tb,unknown,SICOIN
gtm,38380470,31557016.73,ghe,1/1/2013,365,"PREVENCIÓN, CONTROL Y VIGILANCIA DE LA MALARIA",NA,malaria,unknown,SICOIN
gtm,89567383,72617435.38,ghe,1/1/2014,365,"PREVENCIÓN DE ITS, VIH/SIDA",NA,hiv,unknown,SICOIN
gtm,31745505,29985203.46,ghe,1/1/2014,365,"DIAGNÓSTICO Y TRATAMIENTO DE ITS, VIH/SIDA",NA,hiv,unknown,SICOIN
gtm,3816028,2468309.65,ghe,1/1/2014,365,VÍCTIMAS/SOBREVIVIENTES ATENDIDAS POR VIOLENCIA SEXUAL,NA,hiv,unknown,SICOIN
gtm,9904008,8608303.3,ghe,1/1/2014,365,PREVENCIÓN DE LA TUBERCULOSIS,NA,tb,unknown,SICOIN
gtm,5132425,4265261.41,ghe,1/1/2014,365,DIAGNÓSTICO Y TRATAMIENTO DE LA TUBERCULOSIS,NA,tb,unknown,SICOIN
gtm,45906327,35229272.02,ghe,1/1/2014,365,"PREVENCIÓN, CONTROL Y VIGILANCIA DE LA MALARIA",NA,malaria,unknown,SICOIN
GUATEMALA,0,3702080,gf,1/1/2011,365,PREVENCION Y CONTROL DEL VIH/SIDA,0,hiv,gua_311_g06_h,SICOIN
GUATEMALA,56700000,7998820,gf,1/1/2012,365,PREVENCIÓN DE ITS Y VIH/SIDA,0,hiv,gua_311_g06_h,SICOIN
GUATEMALA,4.00E+07,8965330,gf,1/1/2013,365,"PREVENCIÓN DE ITS, VIH/SIDA",0,hiv,gua_311_g06_h,SICOIN
SAN JOSE PINULA,0,0,gf,1/1/2013,365,"PREVENCIÓN DE ITS, VIH/SIDA",0,hiv,gua_311_g06_h,SICOIN
GUATEMALA,4.00E+07,11097900,gf,1/1/2014,365,"PREVENCIÓN DE ITS, VIH/SIDA",0,hiv,gua_311_g06_h,SICOIN
GUATEMALA,0,3825010,gf,1/1/2014,365,"PREVENCIÓN DE ITS, VIH/SIDA",0,hiv,gua_311_g06_h,SICOIN
GUATEMALA,0,2759860,gf,1/1/2014,365,"PREVENCIÓN DE ITS, VIH/SIDA",0,hiv,gua_311_g06_h,SICOIN
GUATEMALA,NA,NA,gf,1/1/2014,365,QUETZALTENANGO,0,hiv,gua_311_g06_h,SICOIN
QUETZALTENANGO,0,0,gf,1/1/2014,365,"PREVENCIÓN DE ITS, VIH/SIDA",0,hiv,gua_311_g06_h,SICOIN
QUETZALTENANGO,0,257654,gf,1/1/2014,365,"DIAGNÓSTICO Y TRATAMIENTO DE ITS, VIH/SIDA",0,hiv,gua_311_g06_h,SICOIN
GUATEMALA,2.50E+07,8521380,gf,1/1/2015,365,"PERSONA ATENDIDA PARA LA PREVENCIÓN DE ITS, VIH/SIDA",0,hiv,gua_311_g06_h,SICOIN
GUATEMALA,0,2550750,gf,1/1/2015,365,"PERSONA ATENDIDA PARA LA PREVENCIÓN DE ITS, VIH/SIDA",0,hiv,gua_311_g06_h,SICOIN
GUATEMALA,0,2452370,gf,1/1/2015,365,"PERSONA ATENDIDA PARA LA PREVENCIÓN DE ITS, VIH/SIDA",0,hiv,gua_311_g06_h,SICOIN
GUATEMALA,NA,NA,gf,1/1/2015,365,QUETZALTENANGO,0,hiv,gua_311_g06_h,SICOIN
QUETZALTENANGO,0,119631,gf,1/1/2015,365,"PERSONA CON DIAGNÓSTICO Y TRATAMIENTO DE ITS, VIH/SIDA",0,hiv,gua_311_g06_h,SICOIN
GUATEMALA,7461859,5035700,gf,1/1/2016,365,"PERSONA ATENDIDA PARA LA PREVENCIÓN DE ITS, VIH/SIDA",0,hiv,gua_311_g05_h,SICOIN
GUATEMALA,1577930,1381660,gf,1/1/2016,365,"PERSONA CON DIAGNÓSTICO Y TRATAMIENTO DE ITS, VIH/SIDA",0,hiv,gua_311_g05_h,SICOIN
GUATEMALA,534328,507183,gf,1/1/2016,365,"PERSONA ATENDIDA PARA LA PREVENCIÓN DE ITS, VIH/SIDA",0,hiv,gua_311_g05_h,SICOIN
GUATEMALA,7496187,5542890,ghe,1/1/2016,365,"PERSONA ATENDIDA PARA LA PREVENCIÓN DE ITS, VIH/SIDA",NA,hiv,unknown,SICOIN
GUATEMALA,1577930,1381660,ghe,1/1/2016,365,"PERSONA CON DIAGNÓSTICO Y TRATAMIENTO DE ITS, VIH/SIDA",NA,hiv,unknown,SICOIN
GUATEMALA,5204809,696000,ghe,1/1/2016,365,PERSONA INFORMADA SOBRE LA PREVENCIÓN DE LA TUBERCULOSIS,NA,tb,unknown,SICOIN
GUATEMALA,10860900,6696750,ghe,1/1/2016,365,"PERSONA BENEFICIADA CON ACCIONES DE PREVENCIÓN, CONTROL Y VIGILANCIA DE LA MALARIA",NA,malaria,unknown,SICOIN
